system:index,average_surface_temp,date,satellite,.geo
1_1_1_1_LT04_018031_19821209,276.0478034,1982-12-09,LANDSAT_4,"{""type"":""MultiPoint"",""coordinates"":[]}"
1_1_1_1_LT04_019031_19830117,262.03733941999985,1983-01-17,LANDSAT_4,"{""type"":""MultiPoint"",""coordinates"":[]}"
1_1_1_2_LT05_018031_19840327,255.46106894000002,1984-03-27,LANDSAT_5,"{""type"":""MultiPoint"",""coordinates"":[]}"
1_1_1_2_LT05_018031_19840410,274.19181854,1984-04-10,LANDSAT_5,"{""type"":""MultiPoint"",""coordinates"":[]}"
1_1_1_2_LT05_018031_19840512,278.48143364,1984-05-12,LANDSAT_5,"{""type"":""MultiPoint"",""coordinates"":[]}"
1_1_1_2_LT05_018031_19840613,239.4929159250694,1984-06-13,LANDSAT_5,"{""type"":""MultiPoint"",""coordinates"":[]}"
1_1_1_2_LT05_018031_19840629,290.9332805,1984-06-29,LANDSAT_5,"{""type"":""MultiPoint"",""coordinates"":[]}"
1_1_1_2_LT05_018031_19840715,150.00147986,1984-07-15,LANDSAT_5,"{""type"":""MultiPoint"",""coordinates"":[]}"
1_1_1_2_LT05_018031_19840731,291.5143439,1984-07-31,LANDSAT_5,"{""type"":""MultiPoint"",""coordinates"":[]}"
1_1_1_2_LT05_018031_19840901,242.6024777,1984-09-01,LANDSAT_5,"{""type"":""MultiPoint"",""coordinates"":[]}"
1_1_1_2_LT05_018031_19840917,291.86981798,1984-09-17,LANDSAT_5,"{""type"":""MultiPoint"",""coordinates"":[]}"
1_1_1_2_LT05_018031_19841003,289.1730002,1984-10-03,LANDSAT_5,"{""type"":""MultiPoint"",""coordinates"":[]}"
1_1_1_2_LT05_018031_19841019,244.5725122514328,1984-10-19,LANDSAT_5,"{""type"":""MultiPoint"",""coordinates"":[]}"
1_1_1_2_LT05_018031_19841120,266.45683928,1984-11-20,LANDSAT_5,"{""type"":""MultiPoint"",""coordinates"":[]}"
1_1_1_2_LT05_018031_19850208,261.11447402,1985-02-08,LANDSAT_5,"{""type"":""MultiPoint"",""coordinates"":[]}"
1_1_1_2_LT05_018031_19850413,254.616818,1985-04-13,LANDSAT_5,"{""type"":""MultiPoint"",""coordinates"":[]}"
1_1_1_2_LT05_018031_19850429,274.83782432,1985-04-29,LANDSAT_5,"{""type"":""MultiPoint"",""coordinates"":[]}"
1_1_1_2_LT05_018031_19850531,277.4566374323494,1985-05-31,LANDSAT_5,"{""type"":""MultiPoint"",""coordinates"":[]}"
1_1_1_2_LT05_018031_19850702,276.2177958124052,1985-07-02,LANDSAT_5,"{""type"":""MultiPoint"",""coordinates"":[]}"
1_1_1_2_LT05_018031_19850803,294.81615122,1985-08-03,LANDSAT_5,"{""type"":""MultiPoint"",""coordinates"":[]}"
1_1_1_2_LT05_018031_19850819,291.62030252,1985-08-19,LANDSAT_5,"{""type"":""MultiPoint"",""coordinates"":[]}"
1_1_1_2_LT05_018031_19850904,297.7009601,1985-09-04,LANDSAT_5,"{""type"":""MultiPoint"",""coordinates"":[]}"
1_1_1_2_LT05_018031_19850920,294.23850584,1985-09-20,LANDSAT_5,"{""type"":""MultiPoint"",""coordinates"":[]}"
1_1_1_2_LT05_018031_19851006,289.77457172,1985-10-06,LANDSAT_5,"{""type"":""MultiPoint"",""coordinates"":[]}"
1_1_1_2_LT05_018031_19851123,277.57224032,1985-11-23,LANDSAT_5,"{""type"":""MultiPoint"",""coordinates"":[]}"
1_1_1_2_LT05_018031_19851209,268.17952135999997,1985-12-09,LANDSAT_5,"{""type"":""MultiPoint"",""coordinates"":[]}"
1_1_1_2_LT05_018031_19860227,263.52417812,1986-02-27,LANDSAT_5,"{""type"":""MultiPoint"",""coordinates"":[]}"
1_1_1_2_LT05_018031_19860315,262.14329804,1986-03-15,LANDSAT_5,"{""type"":""MultiPoint"",""coordinates"":[]}"
1_1_1_2_LT05_018031_19860331,273.80558228,1986-03-31,LANDSAT_5,"{""type"":""MultiPoint"",""coordinates"":[]}"
1_1_1_2_LT05_018031_19860502,277.87644409999996,1986-05-02,LANDSAT_5,"{""type"":""MultiPoint"",""coordinates"":[]}"
1_1_1_2_LT05_018031_19860518,228.96972040224162,1986-05-18,LANDSAT_5,"{""type"":""MultiPoint"",""coordinates"":[]}"
1_1_1_2_LT05_018031_19860603,285.6182594,1986-06-03,LANDSAT_5,"{""type"":""MultiPoint"",""coordinates"":[]}"
1_1_1_2_LT05_018031_19860619,150.00147986,1986-06-19,LANDSAT_5,"{""type"":""MultiPoint"",""coordinates"":[]}"
1_1_1_2_LT05_018031_19860705,150.00147986,1986-07-05,LANDSAT_5,"{""type"":""MultiPoint"",""coordinates"":[]}"
1_1_1_2_LT05_018031_19860721,290.8273218800002,1986-07-21,LANDSAT_5,"{""type"":""MultiPoint"",""coordinates"":[]}"
1_1_1_2_LT05_018031_19860806,222.42590564,1986-08-06,LANDSAT_5,"{""type"":""MultiPoint"",""coordinates"":[]}"
1_1_1_2_LT05_018031_19860822,283.97419177999996,1986-08-22,LANDSAT_5,"{""type"":""MultiPoint"",""coordinates"":[]}"
1_1_1_2_LT05_018031_19860907,275.86816768067405,1986-09-07,LANDSAT_5,"{""type"":""MultiPoint"",""coordinates"":[]}"
1_1_1_2_LT05_018031_19860923,150.00147986,1986-09-23,LANDSAT_5,"{""type"":""MultiPoint"",""coordinates"":[]}"
1_1_1_2_LT05_018031_19861110,285.22860512,1986-11-10,LANDSAT_5,"{""type"":""MultiPoint"",""coordinates"":[]}"
1_1_1_2_LT05_018031_19870113,270.24058742,1987-01-13,LANDSAT_5,"{""type"":""MultiPoint"",""coordinates"":[]}"
1_1_1_2_LT05_018031_19870129,245.57957312,1987-01-29,LANDSAT_5,"{""type"":""MultiPoint"",""coordinates"":[]}"
1_1_1_2_LT05_018031_19870214,266.42949512,1987-02-14,LANDSAT_5,"{""type"":""MultiPoint"",""coordinates"":[]}"
1_1_1_2_LT05_018031_19870318,264.26247044,1987-03-18,LANDSAT_5,"{""type"":""MultiPoint"",""coordinates"":[]}"
1_1_1_2_LT05_018031_19870419,274.76946392,1987-04-19,LANDSAT_5,"{""type"":""MultiPoint"",""coordinates"":[]}"
1_1_1_2_LT05_018031_19870505,280.14600938,1987-05-05,LANDSAT_5,"{""type"":""MultiPoint"",""coordinates"":[]}"
1_1_1_2_LT05_018031_19870521,281.80033105999996,1987-05-21,LANDSAT_5,"{""type"":""MultiPoint"",""coordinates"":[]}"
1_1_1_2_LT05_018031_19870606,240.57802969864943,1987-06-06,LANDSAT_5,"{""type"":""MultiPoint"",""coordinates"":[]}"
1_1_1_2_LT05_018031_19870708,294.8298233,1987-07-08,LANDSAT_5,"{""type"":""MultiPoint"",""coordinates"":[]}"
1_1_1_2_LT05_018031_19870724,297.80691872,1987-07-24,LANDSAT_5,"{""type"":""MultiPoint"",""coordinates"":[]}"
1_1_1_2_LT05_018031_19870825,251.84480378,1987-08-25,LANDSAT_5,"{""type"":""MultiPoint"",""coordinates"":[]}"
1_1_1_2_LT05_018031_19870910,294.06760484,1987-09-10,LANDSAT_5,"{""type"":""MultiPoint"",""coordinates"":[]}"
1_1_1_2_LT05_018031_19870926,273.6722795,1987-09-26,LANDSAT_5,"{""type"":""MultiPoint"",""coordinates"":[]}"
1_1_1_2_LT05_018031_19871113,281.20217756,1987-11-13,LANDSAT_5,"{""type"":""MultiPoint"",""coordinates"":[]}"
1_1_1_2_LT05_018031_19880116,271.43005838,1988-01-16,LANDSAT_5,"{""type"":""MultiPoint"",""coordinates"":[]}"
1_1_1_2_LT05_018031_19880217,270.8865932,1988-02-17,LANDSAT_5,"{""type"":""MultiPoint"",""coordinates"":[]}"
1_1_1_2_LT05_018031_19880320,272.37684992,1988-03-20,LANDSAT_5,"{""type"":""MultiPoint"",""coordinates"":[]}"
1_1_1_2_LT05_018031_19880405,268.5623396,1988-04-05,LANDSAT_5,"{""type"":""MultiPoint"",""coordinates"":[]}"
1_1_1_2_LT05_018031_19880421,276.23237647999997,1988-04-21,LANDSAT_5,"{""type"":""MultiPoint"",""coordinates"":[]}"
1_1_1_2_LT05_018031_19880507,279.37011884000003,1988-05-07,LANDSAT_5,"{""type"":""MultiPoint"",""coordinates"":[]}"
1_1_1_2_LT05_018031_19880523,199.48473656282633,1988-05-23,LANDSAT_5,"{""type"":""MultiPoint"",""coordinates"":[]}"
1_1_1_2_LT05_018031_19880608,280.38185276,1988-06-08,LANDSAT_5,"{""type"":""MultiPoint"",""coordinates"":[]}"
1_1_1_2_LT05_018031_19880624,290.34879908,1988-06-24,LANDSAT_5,"{""type"":""MultiPoint"",""coordinates"":[]}"
1_1_1_2_LT05_018031_19880710,281.67728234000003,1988-07-10,LANDSAT_5,"{""type"":""MultiPoint"",""coordinates"":[]}"
1_1_1_2_LT05_018031_19880726,294.72044666,1988-07-26,LANDSAT_5,"{""type"":""MultiPoint"",""coordinates"":[]}"
1_1_1_2_LT05_018031_19880811,295.93726178,1988-08-11,LANDSAT_5,"{""type"":""MultiPoint"",""coordinates"":[]}"
1_1_1_2_LT05_018031_19880827,263.42505553999996,1988-08-27,LANDSAT_5,"{""type"":""MultiPoint"",""coordinates"":[]}"
1_1_1_2_LT05_018031_19880912,257.34781598,1988-09-12,LANDSAT_5,"{""type"":""MultiPoint"",""coordinates"":[]}"
1_1_1_2_LT05_018031_19880928,278.51219582,1988-09-28,LANDSAT_5,"{""type"":""MultiPoint"",""coordinates"":[]}"
1_1_1_2_LT05_018031_19881014,287.74426784,1988-10-14,LANDSAT_5,"{""type"":""MultiPoint"",""coordinates"":[]}"
1_1_1_2_LT05_018031_19881115,281.63284808000003,1988-11-15,LANDSAT_5,"{""type"":""MultiPoint"",""coordinates"":[]}"
1_1_1_2_LT05_018031_19881217,261.02321781138926,1988-12-17,LANDSAT_5,"{""type"":""MultiPoint"",""coordinates"":[]}"
1_1_1_2_LT05_018031_19890118,269.42026262,1989-01-18,LANDSAT_5,"{""type"":""MultiPoint"",""coordinates"":[]}"
1_1_1_2_LT05_018031_19890219,261.44602196,1989-02-19,LANDSAT_5,"{""type"":""MultiPoint"",""coordinates"":[]}"
1_1_1_2_LT05_018031_19890323,272.19569486,1989-03-23,LANDSAT_5,"{""type"":""MultiPoint"",""coordinates"":[]}"
1_1_1_2_LT05_018031_19890408,259.33368559999997,1989-04-08,LANDSAT_5,"{""type"":""MultiPoint"",""coordinates"":[]}"
1_1_1_2_LT05_018031_19890424,277.10055356,1989-04-24,LANDSAT_5,"{""type"":""MultiPoint"",""coordinates"":[]}"
1_1_1_2_LT05_018031_19890526,283.50592303999997,1989-05-26,LANDSAT_5,"{""type"":""MultiPoint"",""coordinates"":[]}"
1_1_1_2_LT05_018031_19890611,288.15443024,1989-06-11,LANDSAT_5,"{""type"":""MultiPoint"",""coordinates"":[]}"
1_1_1_2_LT05_018031_19890729,294.68284844,1989-07-29,LANDSAT_5,"{""type"":""MultiPoint"",""coordinates"":[]}"
1_1_1_2_LT05_018031_19890814,295.6672382,1989-08-14,LANDSAT_5,"{""type"":""MultiPoint"",""coordinates"":[]}"
1_1_1_2_LT05_018031_19890830,294.95629004,1989-08-30,LANDSAT_5,"{""type"":""MultiPoint"",""coordinates"":[]}"
1_1_1_2_LT05_018031_19891001,288.59535482,1989-10-01,LANDSAT_5,"{""type"":""MultiPoint"",""coordinates"":[]}"
1_1_1_2_LT05_018031_19891102,249.34281314,1989-11-02,LANDSAT_5,"{""type"":""MultiPoint"",""coordinates"":[]}"
1_1_1_2_LT05_018031_19891118,274.73528372000004,1989-11-18,LANDSAT_5,"{""type"":""MultiPoint"",""coordinates"":[]}"
1_1_1_2_LT05_018031_19891220,264.82644374000006,1989-12-20,LANDSAT_5,"{""type"":""MultiPoint"",""coordinates"":[]}"
1_1_1_2_LT05_018031_19900105,265.66385864000017,1990-01-05,LANDSAT_5,"{""type"":""MultiPoint"",""coordinates"":[]}"
1_1_1_2_LT05_018031_19900411,275.09417582000003,1990-04-11,LANDSAT_5,"{""type"":""MultiPoint"",""coordinates"":[]}"
1_1_1_2_LT05_018031_19900427,279.32568458000003,1990-04-27,LANDSAT_5,"{""type"":""MultiPoint"",""coordinates"":[]}"
1_1_1_2_LT05_018031_19900614,235.62288086,1990-06-14,LANDSAT_5,"{""type"":""MultiPoint"",""coordinates"":[]}"
1_1_1_2_LT05_018031_19900630,271.3609631132962,1990-06-30,LANDSAT_5,"{""type"":""MultiPoint"",""coordinates"":[]}"
1_1_1_2_LT05_018031_19900716,290.96404268000003,1990-07-16,LANDSAT_5,"{""type"":""MultiPoint"",""coordinates"":[]}"
1_1_1_2_LT05_018031_19900801,293.85226958,1990-08-01,LANDSAT_5,"{""type"":""MultiPoint"",""coordinates"":[]}"
1_1_1_2_LT05_018031_19900817,293.75998304,1990-08-17,LANDSAT_5,"{""type"":""MultiPoint"",""coordinates"":[]}"
1_1_1_2_LT05_018031_19900902,296.26880972000004,1990-09-02,LANDSAT_5,"{""type"":""MultiPoint"",""coordinates"":[]}"
1_1_1_2_LT05_018031_19900918,231.62721548000002,1990-09-18,LANDSAT_5,"{""type"":""MultiPoint"",""coordinates"":[]}"
1_1_1_2_LT05_018031_19901020,282.64116398,1990-10-20,LANDSAT_5,"{""type"":""MultiPoint"",""coordinates"":[]}"
1_1_1_2_LT05_018031_19901105,198.20581592,1990-11-05,LANDSAT_5,"{""type"":""MultiPoint"",""coordinates"":[]}"
1_1_1_2_LT05_018031_19901121,261.51780038,1990-11-21,LANDSAT_5,"{""type"":""MultiPoint"",""coordinates"":[]}"
1_1_1_2_LT05_018031_19901207,264.77859146000003,1990-12-07,LANDSAT_5,"{""type"":""MultiPoint"",""coordinates"":[]}"
1_1_1_2_LT05_018031_19910108,269.87485928000007,1991-01-08,LANDSAT_5,"{""type"":""MultiPoint"",""coordinates"":[]}"
1_1_1_2_LT05_018031_19910124,272.9886755,1991-01-24,LANDSAT_5,"{""type"":""MultiPoint"",""coordinates"":[]}"
1_1_1_2_LT05_018031_19910313,269.90220344,1991-03-13,LANDSAT_5,"{""type"":""MultiPoint"",""coordinates"":[]}"
1_1_1_2_LT05_018031_19910430,280.42628702,1991-04-30,LANDSAT_5,"{""type"":""MultiPoint"",""coordinates"":[]}"
1_1_1_2_LT05_018031_19910516,287.42981,1991-05-16,LANDSAT_5,"{""type"":""MultiPoint"",""coordinates"":[]}"
1_1_1_2_LT05_018031_19910601,290.67351098,1991-06-01,LANDSAT_5,"{""type"":""MultiPoint"",""coordinates"":[]}"
1_1_1_2_LT05_018031_19910617,292.09882532,1991-06-17,LANDSAT_5,"{""type"":""MultiPoint"",""coordinates"":[]}"
1_1_1_2_LT05_018031_19910703,284.2327307698869,1991-07-03,LANDSAT_5,"{""type"":""MultiPoint"",""coordinates"":[]}"
1_1_1_2_LT05_018031_19910719,296.658464,1991-07-19,LANDSAT_5,"{""type"":""MultiPoint"",""coordinates"":[]}"
1_1_1_2_LT05_018031_19910804,294.33581887149063,1991-08-04,LANDSAT_5,"{""type"":""MultiPoint"",""coordinates"":[]}"
1_1_1_2_LT05_018031_19910905,292.98751052,1991-09-05,LANDSAT_5,"{""type"":""MultiPoint"",""coordinates"":[]}"
1_1_1_2_LT05_018031_19910921,267.8787356,1991-09-21,LANDSAT_5,"{""type"":""MultiPoint"",""coordinates"":[]}"
1_1_1_2_LT05_018031_19911007,257.7955766,1991-10-07,LANDSAT_5,"{""type"":""MultiPoint"",""coordinates"":[]}"
1_1_1_2_LT05_018031_19911023,286.58897708,1991-10-23,LANDSAT_5,"{""type"":""MultiPoint"",""coordinates"":[]}"
1_1_1_2_LT05_018031_19911124,256.44887672,1991-11-24,LANDSAT_5,"{""type"":""MultiPoint"",""coordinates"":[]}"
1_1_1_2_LT05_018031_19911226,271.49158274,1991-12-26,LANDSAT_5,"{""type"":""MultiPoint"",""coordinates"":[]}"
1_1_1_2_LT05_018031_19920127,269.97739988,1992-01-27,LANDSAT_5,"{""type"":""MultiPoint"",""coordinates"":[]}"
1_1_1_2_LT05_018031_19920212,267.65314628,1992-02-12,LANDSAT_5,"{""type"":""MultiPoint"",""coordinates"":[]}"
1_1_1_2_LT05_018031_19920228,256.37368028000003,1992-02-28,LANDSAT_5,"{""type"":""MultiPoint"",""coordinates"":[]}"
1_1_1_2_LT05_018031_19920315,261.00851539999985,1992-03-15,LANDSAT_5,"{""type"":""MultiPoint"",""coordinates"":[]}"
1_1_1_2_LT05_018031_19920331,272.72890598,1992-03-31,LANDSAT_5,"{""type"":""MultiPoint"",""coordinates"":[]}"
1_1_1_2_LT05_018031_19920502,224.24429228,1992-05-02,LANDSAT_5,"{""type"":""MultiPoint"",""coordinates"":[]}"
1_1_1_2_LT05_018031_19920603,287.02306562,1992-06-03,LANDSAT_5,"{""type"":""MultiPoint"",""coordinates"":[]}"
1_1_1_2_LT05_018031_19920705,288.51674036,1992-07-05,LANDSAT_5,"{""type"":""MultiPoint"",""coordinates"":[]}"
1_1_1_2_LT05_018031_19920721,292.28681642000004,1992-07-21,LANDSAT_5,"{""type"":""MultiPoint"",""coordinates"":[]}"
1_1_1_2_LT05_018031_19920806,292.30732453999997,1992-08-06,LANDSAT_5,"{""type"":""MultiPoint"",""coordinates"":[]}"
1_1_1_2_LT05_018031_19920822,292.80635545999996,1992-08-22,LANDSAT_5,"{""type"":""MultiPoint"",""coordinates"":[]}"
1_1_1_2_LT05_018031_19920907,286.1480525,1992-09-07,LANDSAT_5,"{""type"":""MultiPoint"",""coordinates"":[]}"
1_1_1_2_LT05_018031_19921009,288.69105937999996,1992-10-09,LANDSAT_5,"{""type"":""MultiPoint"",""coordinates"":[]}"
1_1_1_2_LT05_018031_19921025,284.42878844,1992-10-25,LANDSAT_5,"{""type"":""MultiPoint"",""coordinates"":[]}"
1_1_1_2_LT05_018031_19921212,266.84307554,1992-12-12,LANDSAT_5,"{""type"":""MultiPoint"",""coordinates"":[]}"
1_1_1_2_LT05_018031_19921228,272.34608774000003,1992-12-28,LANDSAT_5,"{""type"":""MultiPoint"",""coordinates"":[]}"
1_1_1_2_LT05_018031_19930113,270.6644219,1993-01-13,LANDSAT_5,"{""type"":""MultiPoint"",""coordinates"":[]}"
1_1_1_2_LT05_018031_19930129,272.91006104,1993-01-29,LANDSAT_5,"{""type"":""MultiPoint"",""coordinates"":[]}"
1_1_1_2_LT05_018031_19930214,269.56381946,1993-02-14,LANDSAT_5,"{""type"":""MultiPoint"",""coordinates"":[]}"
1_1_1_2_LT05_018031_19930302,271.74793424,1993-03-02,LANDSAT_5,"{""type"":""MultiPoint"",""coordinates"":[]}"
1_1_1_2_LT05_018031_19930318,268.29231602,1993-03-18,LANDSAT_5,"{""type"":""MultiPoint"",""coordinates"":[]}"
1_1_1_2_LT05_018031_19930419,269.46127886,1993-04-19,LANDSAT_5,"{""type"":""MultiPoint"",""coordinates"":[]}"
1_1_1_2_LT05_018031_19930606,283.85456108,1993-06-06,LANDSAT_5,"{""type"":""MultiPoint"",""coordinates"":[]}"
1_1_1_2_LT05_018031_19930622,290.35563512,1993-06-22,LANDSAT_5,"{""type"":""MultiPoint"",""coordinates"":[]}"
1_1_1_2_LT05_018031_19930708,287.83313636,1993-07-08,LANDSAT_5,"{""type"":""MultiPoint"",""coordinates"":[]}"
1_1_1_2_LT05_018031_19930724,212.51974560965618,1993-07-24,LANDSAT_5,"{""type"":""MultiPoint"",""coordinates"":[]}"
1_1_1_2_LT05_018031_19930809,295.90308158,1993-08-09,LANDSAT_5,"{""type"":""MultiPoint"",""coordinates"":[]}"
1_1_1_2_LT05_018031_19930825,295.85864732,1993-08-25,LANDSAT_5,"{""type"":""MultiPoint"",""coordinates"":[]}"
1_1_1_2_LT05_018031_19930910,276.84420206,1993-09-10,LANDSAT_5,"{""type"":""MultiPoint"",""coordinates"":[]}"
1_1_1_2_LT05_018031_19931012,271.55994314,1993-10-12,LANDSAT_5,"{""type"":""MultiPoint"",""coordinates"":[]}"
1_1_1_2_LT05_018031_19931028,254.07335281999994,1993-10-28,LANDSAT_5,"{""type"":""MultiPoint"",""coordinates"":[]}"
1_1_1_2_LT05_018031_19940116,256.61294168,1994-01-16,LANDSAT_5,"{""type"":""MultiPoint"",""coordinates"":[]}"
1_1_1_2_LT05_018031_19940201,261.74680772,1994-02-01,LANDSAT_5,"{""type"":""MultiPoint"",""coordinates"":[]}"
1_1_1_2_LT05_018031_19940217,269.93980166,1994-02-17,LANDSAT_5,"{""type"":""MultiPoint"",""coordinates"":[]}"
1_1_1_2_LT05_018031_19940422,275.46674,1994-04-22,LANDSAT_5,"{""type"":""MultiPoint"",""coordinates"":[]}"
1_1_1_2_LT05_018031_19940508,279.10009526,1994-05-08,LANDSAT_5,"{""type"":""MultiPoint"",""coordinates"":[]}"
1_1_1_2_LT05_018031_19940524,239.08588382328898,1994-05-24,LANDSAT_5,"{""type"":""MultiPoint"",""coordinates"":[]}"
1_1_1_2_LT05_018031_19940609,282.13871503999997,1994-06-09,LANDSAT_5,"{""type"":""MultiPoint"",""coordinates"":[]}"
1_1_1_2_LT05_018031_19940711,293.29513232,1994-07-11,LANDSAT_5,"{""type"":""MultiPoint"",""coordinates"":[]}"
1_1_1_2_LT05_018031_19940727,263.04223730000007,1994-07-27,LANDSAT_5,"{""type"":""MultiPoint"",""coordinates"":[]}"
1_1_1_2_LT05_018031_19940812,286.51378064,1994-08-12,LANDSAT_5,"{""type"":""MultiPoint"",""coordinates"":[]}"
1_1_1_2_LT05_018031_19940828,150.00147986,1994-08-28,LANDSAT_5,"{""type"":""MultiPoint"",""coordinates"":[]}"
1_1_1_2_LT05_018031_19940913,292.17743978,1994-09-13,LANDSAT_5,"{""type"":""MultiPoint"",""coordinates"":[]}"
1_1_1_2_LT05_018031_19941015,287.91175082,1994-10-15,LANDSAT_5,"{""type"":""MultiPoint"",""coordinates"":[]}"
1_1_1_2_LT05_018031_19941116,253.91356112100783,1994-11-16,LANDSAT_5,"{""type"":""MultiPoint"",""coordinates"":[]}"
1_1_1_2_LT05_018031_19941202,280.67238446,1994-12-02,LANDSAT_5,"{""type"":""MultiPoint"",""coordinates"":[]}"
1_1_1_2_LT05_018031_19950103,254.04259064000001,1995-01-03,LANDSAT_5,"{""type"":""MultiPoint"",""coordinates"":[]}"
1_1_1_2_LT05_018031_19950119,244.23287324000006,1995-01-19,LANDSAT_5,"{""type"":""MultiPoint"",""coordinates"":[]}"
1_1_1_2_LT05_018031_19950220,257.2828736,1995-02-20,LANDSAT_5,"{""type"":""MultiPoint"",""coordinates"":[]}"
1_1_1_2_LT05_018031_19950324,273.17324858,1995-03-24,LANDSAT_5,"{""type"":""MultiPoint"",""coordinates"":[]}"
1_1_1_2_LT05_018031_19950425,231.18970892,1995-04-25,LANDSAT_5,"{""type"":""MultiPoint"",""coordinates"":[]}"
1_1_1_2_LT05_018031_19950527,260.31807535999997,1995-05-27,LANDSAT_5,"{""type"":""MultiPoint"",""coordinates"":[]}"
1_1_1_2_LT05_018031_19950612,287.04357374,1995-06-12,LANDSAT_5,"{""type"":""MultiPoint"",""coordinates"":[]}"
1_1_1_2_LT05_018031_19950628,292.3346687,1995-06-28,LANDSAT_5,"{""type"":""MultiPoint"",""coordinates"":[]}"
1_1_1_2_LT05_018031_19950714,295.71509047999996,1995-07-14,LANDSAT_5,"{""type"":""MultiPoint"",""coordinates"":[]}"
1_1_1_2_LT05_018031_19950730,295.96460593999996,1995-07-30,LANDSAT_5,"{""type"":""MultiPoint"",""coordinates"":[]}"
1_1_1_2_LT05_018031_19950815,293.9582282,1995-08-15,LANDSAT_5,"{""type"":""MultiPoint"",""coordinates"":[]}"
1_1_1_2_LT05_018031_19950831,293.1037232,1995-08-31,LANDSAT_5,"{""type"":""MultiPoint"",""coordinates"":[]}"
1_1_1_2_LT05_018031_19950916,266.54136659690533,1995-09-16,LANDSAT_5,"{""type"":""MultiPoint"",""coordinates"":[]}"
1_1_1_2_LT05_018031_19951002,291.18279596,1995-10-02,LANDSAT_5,"{""type"":""MultiPoint"",""coordinates"":[]}"
1_1_1_2_LT05_018031_19951018,256.24144226614334,1995-10-18,LANDSAT_5,"{""type"":""MultiPoint"",""coordinates"":[]}"
1_1_1_2_LT05_018031_19951103,281.5371435199999,1995-11-03,LANDSAT_5,"{""type"":""MultiPoint"",""coordinates"":[]}"
1_1_1_2_LT05_018031_19951221,273.62442722000003,1995-12-21,LANDSAT_5,"{""type"":""MultiPoint"",""coordinates"":[]}"
1_1_1_2_LT05_018031_19960207,243.28949972000007,1996-02-07,LANDSAT_5,"{""type"":""MultiPoint"",""coordinates"":[]}"
1_1_1_2_LT05_018031_19960223,271.04382212,1996-02-23,LANDSAT_5,"{""type"":""MultiPoint"",""coordinates"":[]}"
1_1_1_2_LT05_018031_19960310,266.46025729999997,1996-03-10,LANDSAT_5,"{""type"":""MultiPoint"",""coordinates"":[]}"
1_1_1_2_LT05_018031_19960326,262.82690204,1996-03-26,LANDSAT_5,"{""type"":""MultiPoint"",""coordinates"":[]}"
1_1_1_2_LT05_018031_19960411,273.96622922,1996-04-11,LANDSAT_5,"{""type"":""MultiPoint"",""coordinates"":[]}"
1_1_1_2_LT05_018031_19960427,275.13177404,1996-04-27,LANDSAT_5,"{""type"":""MultiPoint"",""coordinates"":[]}"
1_1_1_2_LT05_018031_19960513,278.41649126,1996-05-13,LANDSAT_5,"{""type"":""MultiPoint"",""coordinates"":[]}"
1_1_1_2_LT05_018031_19960529,281.5679057,1996-05-29,LANDSAT_5,"{""type"":""MultiPoint"",""coordinates"":[]}"
1_1_1_2_LT05_018031_19960614,288.1646843,1996-06-14,LANDSAT_5,"{""type"":""MultiPoint"",""coordinates"":[]}"
1_1_1_2_LT05_018031_19960630,289.49429408000003,1996-06-30,LANDSAT_5,"{""type"":""MultiPoint"",""coordinates"":[]}"
1_1_1_2_LT05_018031_19960716,293.46945134,1996-07-16,LANDSAT_5,"{""type"":""MultiPoint"",""coordinates"":[]}"
1_1_1_2_LT05_018031_19960801,294.37864465999996,1996-08-01,LANDSAT_5,"{""type"":""MultiPoint"",""coordinates"":[]}"
1_1_1_2_LT05_018031_19960817,295.21947758,1996-08-17,LANDSAT_5,"{""type"":""MultiPoint"",""coordinates"":[]}"
1_1_1_2_LT05_018031_19960902,296.11841684,1996-09-02,LANDSAT_5,"{""type"":""MultiPoint"",""coordinates"":[]}"
1_1_1_2_LT05_018031_19960918,226.53436568,1996-09-18,LANDSAT_5,"{""type"":""MultiPoint"",""coordinates"":[]}"
1_1_1_2_LT05_018031_19961004,268.80501902000003,1996-10-04,LANDSAT_5,"{""type"":""MultiPoint"",""coordinates"":[]}"
1_1_1_2_LT05_018031_19961207,265.74930914,1996-12-07,LANDSAT_5,"{""type"":""MultiPoint"",""coordinates"":[]}"
1_1_1_2_LT05_018031_19970108,261.44943997999997,1997-01-08,LANDSAT_5,"{""type"":""MultiPoint"",""coordinates"":[]}"
1_1_1_2_LT05_018031_19970209,265.78690736,1997-02-09,LANDSAT_5,"{""type"":""MultiPoint"",""coordinates"":[]}"
1_1_1_2_LT05_018031_19970225,269.56381946,1997-02-25,LANDSAT_5,"{""type"":""MultiPoint"",""coordinates"":[]}"
1_1_1_2_LT05_018031_19970329,264.63161660000003,1997-03-29,LANDSAT_5,"{""type"":""MultiPoint"",""coordinates"":[]}"
1_1_1_2_LT05_018031_19970414,275.99653309999997,1997-04-14,LANDSAT_5,"{""type"":""MultiPoint"",""coordinates"":[]}"
1_1_1_2_LT05_018031_19970430,275.68549328,1997-04-30,LANDSAT_5,"{""type"":""MultiPoint"",""coordinates"":[]}"
1_1_1_2_LT05_018031_19970617,287.81262824,1997-06-17,LANDSAT_5,"{""type"":""MultiPoint"",""coordinates"":[]}"
1_1_1_2_LT05_018031_19970719,294.4880213,1997-07-19,LANDSAT_5,"{""type"":""MultiPoint"",""coordinates"":[]}"
1_1_1_2_LT05_018031_19970804,287.26232702,1997-08-04,LANDSAT_5,"{""type"":""MultiPoint"",""coordinates"":[]}"
1_1_1_2_LT05_018031_19970820,265.51346576000003,1997-08-20,LANDSAT_5,"{""type"":""MultiPoint"",""coordinates"":[]}"
1_1_1_2_LT05_018031_19970905,289.12514792,1997-09-05,LANDSAT_5,"{""type"":""MultiPoint"",""coordinates"":[]}"
1_1_1_2_LT05_018031_19970921,285.64902158000007,1997-09-21,LANDSAT_5,"{""type"":""MultiPoint"",""coordinates"":[]}"
1_1_1_2_LT05_018031_19971007,290.20524223999996,1997-10-07,LANDSAT_5,"{""type"":""MultiPoint"",""coordinates"":[]}"
1_1_1_2_LT05_018031_19971023,264.699977,1997-10-23,LANDSAT_5,"{""type"":""MultiPoint"",""coordinates"":[]}"
1_1_1_2_LT05_018031_19971124,278.65233464,1997-11-24,LANDSAT_5,"{""type"":""MultiPoint"",""coordinates"":[]}"
1_1_1_2_LT05_018031_19980111,258.86883488,1998-01-11,LANDSAT_5,"{""type"":""MultiPoint"",""coordinates"":[]}"
1_1_1_2_LT05_018031_19980127,255.85755926000002,1998-01-27,LANDSAT_5,"{""type"":""MultiPoint"",""coordinates"":[]}"
1_1_1_2_LT05_018031_19980228,249.0454454,1998-02-28,LANDSAT_5,"{""type"":""MultiPoint"",""coordinates"":[]}"
1_1_1_2_LT05_018031_19980316,273.90812288,1998-03-16,LANDSAT_5,"{""type"":""MultiPoint"",""coordinates"":[]}"
1_1_1_2_LT05_018031_19980401,276.10590974,1998-04-01,LANDSAT_5,"{""type"":""MultiPoint"",""coordinates"":[]}"
1_1_1_2_LT05_018031_19980519,286.53087073999995,1998-05-19,LANDSAT_5,"{""type"":""MultiPoint"",""coordinates"":[]}"
1_1_1_2_LT05_018031_19980604,279.75293708000004,1998-06-04,LANDSAT_5,"{""type"":""MultiPoint"",""coordinates"":[]}"
1_1_1_2_LT05_018031_19980620,291.36736903999997,1998-06-20,LANDSAT_5,"{""type"":""MultiPoint"",""coordinates"":[]}"
1_1_1_2_LT05_018031_19980706,292.6317001551729,1998-07-06,LANDSAT_5,"{""type"":""MultiPoint"",""coordinates"":[]}"
1_1_1_2_LT05_018031_19980722,150.00147986,1998-07-22,LANDSAT_5,"{""type"":""MultiPoint"",""coordinates"":[]}"
1_1_1_2_LT05_018031_19980807,240.86638731383528,1998-08-07,LANDSAT_5,"{""type"":""MultiPoint"",""coordinates"":[]}"
1_1_1_2_LT05_018031_19980823,279.58545409999994,1998-08-23,LANDSAT_5,"{""type"":""MultiPoint"",""coordinates"":[]}"
1_1_1_2_LT05_018031_19980908,226.65057836,1998-09-08,LANDSAT_5,"{""type"":""MultiPoint"",""coordinates"":[]}"
1_1_1_2_LT05_018031_19980924,267.51029389466663,1998-09-24,LANDSAT_5,"{""type"":""MultiPoint"",""coordinates"":[]}"
1_1_1_2_LT05_018031_19981010,290.43424958,1998-10-10,LANDSAT_5,"{""type"":""MultiPoint"",""coordinates"":[]}"
1_1_1_2_LT05_018031_19981026,249.32572304,1998-10-26,LANDSAT_5,"{""type"":""MultiPoint"",""coordinates"":[]}"
1_1_1_2_LT05_018031_19981127,278.5724841769208,1998-11-27,LANDSAT_5,"{""type"":""MultiPoint"",""coordinates"":[]}"
1_1_1_2_LT05_018031_19981213,280.31349236,1998-12-13,LANDSAT_5,"{""type"":""MultiPoint"",""coordinates"":[]}"
1_1_1_2_LT05_018031_19990215,271.8607289,1999-02-15,LANDSAT_5,"{""type"":""MultiPoint"",""coordinates"":[]}"
1_1_1_2_LT05_018031_19990404,206.6409862832651,1999-04-04,LANDSAT_5,"{""type"":""MultiPoint"",""coordinates"":[]}"
1_1_1_2_LT05_018031_19990420,277.81491974,1999-04-20,LANDSAT_5,"{""type"":""MultiPoint"",""coordinates"":[]}"
1_1_1_2_LT05_018031_19990506,246.33303789081518,1999-05-06,LANDSAT_5,"{""type"":""MultiPoint"",""coordinates"":[]}"
1_1_1_2_LT05_018031_19990607,286.10020022000003,1999-06-07,LANDSAT_5,"{""type"":""MultiPoint"",""coordinates"":[]}"
1_1_1_2_LT05_018031_19990623,290.46501176000004,1999-06-23,LANDSAT_5,"{""type"":""MultiPoint"",""coordinates"":[]}"
1_1_1_2_LT05_018031_19990709,200.02377046113762,1999-07-09,LANDSAT_5,"{""type"":""MultiPoint"",""coordinates"":[]}"
1_1_1_2_LT05_018031_19990725,298.53153896000003,1999-07-25,LANDSAT_5,"{""type"":""MultiPoint"",""coordinates"":[]}"
1_1_1_2_LT05_018031_19990810,275.28900295999995,1999-08-10,LANDSAT_5,"{""type"":""MultiPoint"",""coordinates"":[]}"
1_1_1_2_LT05_018031_19990911,294.17356345999997,1999-09-11,LANDSAT_5,"{""type"":""MultiPoint"",""coordinates"":[]}"
1_1_1_2_LT05_018031_19990927,235.14823739397943,1999-09-27,LANDSAT_5,"{""type"":""MultiPoint"",""coordinates"":[]}"
1_1_1_2_LT05_018031_19991013,249.03454707751843,1999-10-13,LANDSAT_5,"{""type"":""MultiPoint"",""coordinates"":[]}"
1_1_1_2_LT05_018031_19991029,285.76181624000003,1999-10-29,LANDSAT_5,"{""type"":""MultiPoint"",""coordinates"":[]}"
1_1_1_2_LT05_018031_19991114,284.13825674,1999-11-14,LANDSAT_5,"{""type"":""MultiPoint"",""coordinates"":[]}"
1_1_1_2_LT05_018031_19991130,281.09280092,1999-11-30,LANDSAT_5,"{""type"":""MultiPoint"",""coordinates"":[]}"
1_1_1_2_LT05_018031_20000101,275.34027326,2000-01-01,LANDSAT_5,"{""type"":""MultiPoint"",""coordinates"":[]}"
1_1_1_2_LT05_018031_20000117,273.9115409,2000-01-17,LANDSAT_5,"{""type"":""MultiPoint"",""coordinates"":[]}"
1_1_1_2_LT05_018031_20000202,270.6473318,2000-02-02,LANDSAT_5,"{""type"":""MultiPoint"",""coordinates"":[]}"
1_1_1_2_LT05_018031_20000305,273.04336381999997,2000-03-05,LANDSAT_5,"{""type"":""MultiPoint"",""coordinates"":[]}"
1_1_1_2_LT05_018031_20000524,245.3225315706668,2000-05-24,LANDSAT_5,"{""type"":""MultiPoint"",""coordinates"":[]}"
1_1_1_2_LT05_018031_20000609,220.77018702274268,2000-06-09,LANDSAT_5,"{""type"":""MultiPoint"",""coordinates"":[]}"
1_1_1_2_LT05_018031_20000711,292.94649428,2000-07-11,LANDSAT_5,"{""type"":""MultiPoint"",""coordinates"":[]}"
1_1_1_2_LT05_018031_20000727,283.32476798000005,2000-07-27,LANDSAT_5,"{""type"":""MultiPoint"",""coordinates"":[]}"
1_1_1_2_LT05_018031_20000812,266.750789,2000-08-12,LANDSAT_5,"{""type"":""MultiPoint"",""coordinates"":[]}"
1_1_1_2_LT05_018031_20000828,293.93430206,2000-08-28,LANDSAT_5,"{""type"":""MultiPoint"",""coordinates"":[]}"
1_1_1_2_LT05_018031_20000913,292.78242932,2000-09-13,LANDSAT_5,"{""type"":""MultiPoint"",""coordinates"":[]}"
1_1_1_2_LT05_018031_20001031,286.77355016,2000-10-31,LANDSAT_5,"{""type"":""MultiPoint"",""coordinates"":[]}"
1_1_1_2_LT05_018031_20001202,278.33787680000006,2000-12-02,LANDSAT_5,"{""type"":""MultiPoint"",""coordinates"":[]}"
1_1_1_2_LT05_018031_20001218,257.96647759999996,2000-12-18,LANDSAT_5,"{""type"":""MultiPoint"",""coordinates"":[]}"
1_1_1_2_LT05_018031_20010103,267.69758054,2001-01-03,LANDSAT_5,"{""type"":""MultiPoint"",""coordinates"":[]}"
1_1_1_2_LT05_018031_20010220,265.68094873999996,2001-02-20,LANDSAT_5,"{""type"":""MultiPoint"",""coordinates"":[]}"
1_1_1_2_LT05_018031_20010324,272.89297094,2001-03-24,LANDSAT_5,"{""type"":""MultiPoint"",""coordinates"":[]}"
1_1_1_2_LT05_018031_20010409,150.00147986,2001-04-09,LANDSAT_5,"{""type"":""MultiPoint"",""coordinates"":[]}"
1_1_1_2_LT05_018031_20010425,278.09177936000003,2001-04-25,LANDSAT_5,"{""type"":""MultiPoint"",""coordinates"":[]}"
1_1_1_2_LT05_018031_20010511,246.82373239999998,2001-05-11,LANDSAT_5,"{""type"":""MultiPoint"",""coordinates"":[]}"
1_1_1_2_LT05_018031_20010527,198.82797436959552,2001-05-27,LANDSAT_5,"{""type"":""MultiPoint"",""coordinates"":[]}"
1_1_1_2_LT05_018031_20010612,284.67488588000003,2001-06-12,LANDSAT_5,"{""type"":""MultiPoint"",""coordinates"":[]}"
1_1_1_2_LT05_018031_20010628,294.21116168000003,2001-06-28,LANDSAT_5,"{""type"":""MultiPoint"",""coordinates"":[]}"
1_1_1_2_LT05_018031_20010714,293.58566401999997,2001-07-14,LANDSAT_5,"{""type"":""MultiPoint"",""coordinates"":[]}"
1_1_1_2_LT05_018031_20010730,295.462157,2001-07-30,LANDSAT_5,"{""type"":""MultiPoint"",""coordinates"":[]}"
1_1_1_2_LT05_018031_20010815,295.35619838,2001-08-15,LANDSAT_5,"{""type"":""MultiPoint"",""coordinates"":[]}"
1_1_1_2_LT05_018031_20011002,290.01383311999996,2001-10-02,LANDSAT_5,"{""type"":""MultiPoint"",""coordinates"":[]}"
1_1_1_2_LT05_018031_20011018,266.7029367200001,2001-10-18,LANDSAT_5,"{""type"":""MultiPoint"",""coordinates"":[]}"
1_1_1_2_LT05_018031_20011103,285.83701268,2001-11-03,LANDSAT_5,"{""type"":""MultiPoint"",""coordinates"":[]}"
1_1_1_2_LT05_018031_20011119,249.1206772785983,2001-11-19,LANDSAT_5,"{""type"":""MultiPoint"",""coordinates"":[]}"
1_1_1_2_LT05_018031_20011205,267.20538566,2001-12-05,LANDSAT_5,"{""type"":""MultiPoint"",""coordinates"":[]}"
1_1_1_2_LT05_018031_20011221,280.12208324,2001-12-21,LANDSAT_5,"{""type"":""MultiPoint"",""coordinates"":[]}"
1_1_1_2_LT05_018031_20020122,274.84807838,2002-01-22,LANDSAT_5,"{""type"":""MultiPoint"",""coordinates"":[]}"
1_1_1_2_LT05_018031_20020207,274.77971798,2002-02-07,LANDSAT_5,"{""type"":""MultiPoint"",""coordinates"":[]}"
1_1_1_2_LT05_018031_20020223,269.91587552,2002-02-23,LANDSAT_5,"{""type"":""MultiPoint"",""coordinates"":[]}"
1_1_1_2_LT05_018031_20020327,273.98331931999996,2002-03-27,LANDSAT_5,"{""type"":""MultiPoint"",""coordinates"":[]}"
1_1_1_2_LT05_018031_20020412,245.4782248573291,2002-04-12,LANDSAT_5,"{""type"":""MultiPoint"",""coordinates"":[]}"
1_1_1_2_LT05_018031_20020428,262.20538603765414,2002-04-28,LANDSAT_5,"{""type"":""MultiPoint"",""coordinates"":[]}"
1_1_1_2_LT05_018031_20020514,256.52749117999997,2002-05-14,LANDSAT_5,"{""type"":""MultiPoint"",""coordinates"":[]}"
1_1_1_2_LT05_018031_20020701,294.41282486,2002-07-01,LANDSAT_5,"{""type"":""MultiPoint"",""coordinates"":[]}"
1_1_1_2_LT05_018031_20020717,297.14040481999996,2002-07-17,LANDSAT_5,"{""type"":""MultiPoint"",""coordinates"":[]}"
1_1_1_2_LT05_018031_20020802,242.0591232152394,2002-08-02,LANDSAT_5,"{""type"":""MultiPoint"",""coordinates"":[]}"
1_1_1_2_LT05_018031_20020818,298.41874429999996,2002-08-18,LANDSAT_5,"{""type"":""MultiPoint"",""coordinates"":[]}"
1_1_1_2_LT05_018031_20020903,295.35278036,2002-09-03,LANDSAT_5,"{""type"":""MultiPoint"",""coordinates"":[]}"
1_1_1_2_LT05_018031_20020919,281.61575798,2002-09-19,LANDSAT_5,"{""type"":""MultiPoint"",""coordinates"":[]}"
1_1_1_2_LT05_018031_20021021,284.5757633,2002-10-21,LANDSAT_5,"{""type"":""MultiPoint"",""coordinates"":[]}"
1_1_1_2_LT05_018031_20021106,272.7149996814685,2002-11-06,LANDSAT_5,"{""type"":""MultiPoint"",""coordinates"":[]}"
1_1_1_2_LT05_018031_20021224,275.20013444,2002-12-24,LANDSAT_5,"{""type"":""MultiPoint"",""coordinates"":[]}"
1_1_1_2_LT05_018031_20030109,271.98719564,2003-01-09,LANDSAT_5,"{""type"":""MultiPoint"",""coordinates"":[]}"
1_1_1_2_LT05_018031_20030226,259.06366202,2003-02-26,LANDSAT_5,"{""type"":""MultiPoint"",""coordinates"":[]}"
1_1_1_2_LT05_018031_20030314,268.63411802,2003-03-14,LANDSAT_5,"{""type"":""MultiPoint"",""coordinates"":[]}"
1_1_1_2_LT05_018031_20030415,249.4556078,2003-04-15,LANDSAT_5,"{""type"":""MultiPoint"",""coordinates"":[]}"
1_1_1_2_LT05_018031_20030501,199.40628976280922,2003-05-01,LANDSAT_5,"{""type"":""MultiPoint"",""coordinates"":[]}"
1_1_1_2_LT05_018031_20030517,281.04153062,2003-05-17,LANDSAT_5,"{""type"":""MultiPoint"",""coordinates"":[]}"
1_1_1_2_LT05_018031_20030602,283.86481514,2003-06-02,LANDSAT_5,"{""type"":""MultiPoint"",""coordinates"":[]}"
1_1_1_2_LT05_018031_20030704,296.07740060000003,2003-07-04,LANDSAT_5,"{""type"":""MultiPoint"",""coordinates"":[]}"
1_1_1_2_LT05_018031_20030720,200.86399182589807,2003-07-20,LANDSAT_5,"{""type"":""MultiPoint"",""coordinates"":[]}"
1_1_1_2_LT05_018031_20030805,289.42251566,2003-08-05,LANDSAT_5,"{""type"":""MultiPoint"",""coordinates"":[]}"
1_1_1_2_LT05_018031_20030821,295.89624554,2003-08-21,LANDSAT_5,"{""type"":""MultiPoint"",""coordinates"":[]}"
1_1_1_2_LT05_018031_20031008,288.68422334,2003-10-08,LANDSAT_5,"{""type"":""MultiPoint"",""coordinates"":[]}"
1_1_1_2_LT05_018031_20031024,287.51184248,2003-10-24,LANDSAT_5,"{""type"":""MultiPoint"",""coordinates"":[]}"
1_1_1_2_LT05_018031_20031109,263.71900526,2003-11-09,LANDSAT_5,"{""type"":""MultiPoint"",""coordinates"":[]}"
1_1_1_2_LT05_018031_20031125,264.358175,2003-11-25,LANDSAT_5,"{""type"":""MultiPoint"",""coordinates"":[]}"
1_1_1_2_LT05_018031_20031227,276.36909728,2003-12-27,LANDSAT_5,"{""type"":""MultiPoint"",""coordinates"":[]}"
1_1_1_2_LT05_018031_20040229,266.8875098,2004-02-29,LANDSAT_5,"{""type"":""MultiPoint"",""coordinates"":[]}"
1_1_1_2_LT05_018031_20040417,232.26638522000002,2004-04-17,LANDSAT_5,"{""type"":""MultiPoint"",""coordinates"":[]}"
1_1_1_2_LT05_018031_20040519,282.86333528,2004-05-19,LANDSAT_5,"{""type"":""MultiPoint"",""coordinates"":[]}"
1_1_1_2_LT05_018031_20040604,281.19875953999997,2004-06-04,LANDSAT_5,"{""type"":""MultiPoint"",""coordinates"":[]}"
1_1_1_2_LT05_018031_20040620,289.01235326,2004-06-20,LANDSAT_5,"{""type"":""MultiPoint"",""coordinates"":[]}"
1_1_1_2_LT05_018031_20040706,280.0751066384627,2004-07-06,LANDSAT_5,"{""type"":""MultiPoint"",""coordinates"":[]}"
1_1_1_2_LT05_018031_20040722,291.2409023,2004-07-22,LANDSAT_5,"{""type"":""MultiPoint"",""coordinates"":[]}"
1_1_1_2_LT05_018031_20040807,292.18769383999995,2004-08-07,LANDSAT_5,"{""type"":""MultiPoint"",""coordinates"":[]}"
1_1_1_2_LT05_018031_20040823,293.66769650000003,2004-08-23,LANDSAT_5,"{""type"":""MultiPoint"",""coordinates"":[]}"
1_1_1_2_LT05_018031_20040924,266.40264602110494,2004-09-24,LANDSAT_5,"{""type"":""MultiPoint"",""coordinates"":[]}"
1_1_1_2_LT05_018031_20041026,254.96887406,2004-10-26,LANDSAT_5,"{""type"":""MultiPoint"",""coordinates"":[]}"
1_1_1_2_LT05_018031_20041111,236.10140366000002,2004-11-11,LANDSAT_5,"{""type"":""MultiPoint"",""coordinates"":[]}"
1_1_1_2_LT05_018031_20041127,276.0136232,2004-11-27,LANDSAT_5,"{""type"":""MultiPoint"",""coordinates"":[]}"
1_1_1_2_LT05_018031_20050130,268.01887442,2005-01-30,LANDSAT_5,"{""type"":""MultiPoint"",""coordinates"":[]}"
1_1_1_2_LT05_018031_20050215,266.29961036,2005-02-15,LANDSAT_5,"{""type"":""MultiPoint"",""coordinates"":[]}"
1_1_1_2_LT05_018031_20050303,269.46469688,2005-03-03,LANDSAT_5,"{""type"":""MultiPoint"",""coordinates"":[]}"
1_1_1_2_LT05_018031_20050319,238.25133824,2005-03-19,LANDSAT_5,"{""type"":""MultiPoint"",""coordinates"":[]}"
1_1_1_2_LT05_018031_20050404,274.72161164,2005-04-04,LANDSAT_5,"{""type"":""MultiPoint"",""coordinates"":[]}"
1_1_1_2_LT05_018031_20050420,240.30549757423657,2005-04-20,LANDSAT_5,"{""type"":""MultiPoint"",""coordinates"":[]}"
1_1_1_2_LT05_018031_20050506,280.4057789,2005-05-06,LANDSAT_5,"{""type"":""MultiPoint"",""coordinates"":[]}"
1_1_1_2_LT05_018031_20050522,280.57326188,2005-05-22,LANDSAT_5,"{""type"":""MultiPoint"",""coordinates"":[]}"
1_1_1_2_LT05_018031_20050607,291.17595991999997,2005-06-07,LANDSAT_5,"{""type"":""MultiPoint"",""coordinates"":[]}"
1_1_1_2_LT05_018031_20050623,291.88007203999996,2005-06-23,LANDSAT_5,"{""type"":""MultiPoint"",""coordinates"":[]}"
1_1_1_2_LT05_018031_20050709,295.71509047999996,2005-07-09,LANDSAT_5,"{""type"":""MultiPoint"",""coordinates"":[]}"
1_1_1_2_LT05_018031_20050725,294.42649694,2005-07-25,LANDSAT_5,"{""type"":""MultiPoint"",""coordinates"":[]}"
1_1_1_2_LT05_018031_20050810,299.02715186,2005-08-10,LANDSAT_5,"{""type"":""MultiPoint"",""coordinates"":[]}"
1_1_1_2_LT05_018031_20050826,297.92996744,2005-08-26,LANDSAT_5,"{""type"":""MultiPoint"",""coordinates"":[]}"
1_1_1_2_LT05_018031_20050911,295.96460593999996,2005-09-11,LANDSAT_5,"{""type"":""MultiPoint"",""coordinates"":[]}"
1_1_1_2_LT05_018031_20050927,294.42649694,2005-09-27,LANDSAT_5,"{""type"":""MultiPoint"",""coordinates"":[]}"
1_1_1_2_LT05_018031_20051013,276.77242364,2005-10-13,LANDSAT_5,"{""type"":""MultiPoint"",""coordinates"":[]}"
1_1_1_2_LT05_018031_20051029,287.60412901999996,2005-10-29,LANDSAT_5,"{""type"":""MultiPoint"",""coordinates"":[]}"
1_1_1_2_LT05_018031_20051114,281.54739758,2005-11-14,LANDSAT_5,"{""type"":""MultiPoint"",""coordinates"":[]}"
1_1_1_2_LT05_018031_20060202,263.98561082,2006-02-02,LANDSAT_5,"{""type"":""MultiPoint"",""coordinates"":[]}"
1_1_1_2_LT05_018031_20060218,258.54412297999994,2006-02-18,LANDSAT_5,"{""type"":""MultiPoint"",""coordinates"":[]}"
1_1_1_2_LT05_018031_20060306,255.12610297999993,2006-03-06,LANDSAT_5,"{""type"":""MultiPoint"",""coordinates"":[]}"
1_1_1_2_LT05_018031_20060423,280.26564008,2006-04-23,LANDSAT_5,"{""type"":""MultiPoint"",""coordinates"":[]}"
1_1_1_2_LT05_018031_20060509,282.72319646,2006-05-09,LANDSAT_5,"{""type"":""MultiPoint"",""coordinates"":[]}"
1_1_1_2_LT05_018031_20060525,269.87485928,2006-05-25,LANDSAT_5,"{""type"":""MultiPoint"",""coordinates"":[]}"
1_1_1_2_LT05_018031_20060610,287.00255749999997,2006-06-10,LANDSAT_5,"{""type"":""MultiPoint"",""coordinates"":[]}"
1_1_1_2_LT05_018031_20060728,298.19315498000003,2006-07-28,LANDSAT_5,"{""type"":""MultiPoint"",""coordinates"":[]}"
1_1_1_2_LT05_018031_20060813,296.88405332,2006-08-13,LANDSAT_5,"{""type"":""MultiPoint"",""coordinates"":[]}"
1_1_1_2_LT05_018031_20061016,241.95988993999998,2006-10-16,LANDSAT_5,"{""type"":""MultiPoint"",""coordinates"":[]}"
1_1_1_2_LT05_018031_20061101,277.25436446000003,2006-11-01,LANDSAT_5,"{""type"":""MultiPoint"",""coordinates"":[]}"
1_1_1_2_LT05_018031_20061203,259.92842108,2006-12-03,LANDSAT_5,"{""type"":""MultiPoint"",""coordinates"":[]}"
1_1_1_2_LT05_018031_20070104,277.77390349999996,2007-01-04,LANDSAT_5,"{""type"":""MultiPoint"",""coordinates"":[]}"
1_1_1_2_LT05_018031_20070205,263.64380881999995,2007-02-05,LANDSAT_5,"{""type"":""MultiPoint"",""coordinates"":[]}"
1_1_1_2_LT05_018031_20070309,269.70395828,2007-03-09,LANDSAT_5,"{""type"":""MultiPoint"",""coordinates"":[]}"
1_1_1_2_LT05_018031_20070410,273.45694424,2007-04-10,LANDSAT_5,"{""type"":""MultiPoint"",""coordinates"":[]}"
1_1_1_2_LT05_018031_20070426,150.00147986,2007-04-26,LANDSAT_5,"{""type"":""MultiPoint"",""coordinates"":[]}"
1_1_1_2_LT05_018031_20070512,255.1124309,2007-05-12,LANDSAT_5,"{""type"":""MultiPoint"",""coordinates"":[]}"
1_1_1_2_LT05_018031_20070528,284.53816508,2007-05-28,LANDSAT_5,"{""type"":""MultiPoint"",""coordinates"":[]}"
1_1_1_2_LT05_018031_20070613,291.40496726000003,2007-06-13,LANDSAT_5,"{""type"":""MultiPoint"",""coordinates"":[]}"
1_1_1_2_LT05_018031_20070629,293.2233539,2007-06-29,LANDSAT_5,"{""type"":""MultiPoint"",""coordinates"":[]}"
1_1_1_2_LT05_018031_20070715,287.96643914000003,2007-07-15,LANDSAT_5,"{""type"":""MultiPoint"",""coordinates"":[]}"
1_1_1_2_LT05_018031_20070731,295.48950116000003,2007-07-31,LANDSAT_5,"{""type"":""MultiPoint"",""coordinates"":[]}"
1_1_1_2_LT05_018031_20070816,288.62953502,2007-08-16,LANDSAT_5,"{""type"":""MultiPoint"",""coordinates"":[]}"
1_1_1_2_LT05_018031_20070901,294.82640528,2007-09-01,LANDSAT_5,"{""type"":""MultiPoint"",""coordinates"":[]}"
1_1_1_2_LT05_018031_20070917,292.37910295999995,2007-09-17,LANDSAT_5,"{""type"":""MultiPoint"",""coordinates"":[]}"
1_1_1_2_LT05_018031_20071003,213.13111744272257,2007-10-03,LANDSAT_5,"{""type"":""MultiPoint"",""coordinates"":[]}"
1_1_1_2_LT05_018031_20080224,267.37628666,2008-02-24,LANDSAT_5,"{""type"":""MultiPoint"",""coordinates"":[]}"
1_1_1_2_LT05_018031_20080311,266.84307554,2008-03-11,LANDSAT_5,"{""type"":""MultiPoint"",""coordinates"":[]}"
1_1_1_2_LT05_018031_20080412,260.78292608,2008-04-12,LANDSAT_5,"{""type"":""MultiPoint"",""coordinates"":[]}"
1_1_1_2_LT05_018031_20080530,229.37132228000002,2008-05-30,LANDSAT_5,"{""type"":""MultiPoint"",""coordinates"":[]}"
1_1_1_2_LT05_018031_20080615,240.99942632,2008-06-15,LANDSAT_5,"{""type"":""MultiPoint"",""coordinates"":[]}"
1_1_1_2_LT05_018031_20080701,292.36543087999996,2008-07-01,LANDSAT_5,"{""type"":""MultiPoint"",""coordinates"":[]}"
1_1_1_2_LT05_018031_20080717,294.50852942,2008-07-17,LANDSAT_5,"{""type"":""MultiPoint"",""coordinates"":[]}"
1_1_1_2_LT05_018031_20080802,296.73707846,2008-08-02,LANDSAT_5,"{""type"":""MultiPoint"",""coordinates"":[]}"
1_1_1_2_LT05_018031_20080818,282.96587588,2008-08-18,LANDSAT_5,"{""type"":""MultiPoint"",""coordinates"":[]}"
1_1_1_2_LT05_018031_20080903,295.38354254,2008-09-03,LANDSAT_5,"{""type"":""MultiPoint"",""coordinates"":[]}"
1_1_1_2_LT05_018031_20080919,287.00255749999997,2008-09-19,LANDSAT_5,"{""type"":""MultiPoint"",""coordinates"":[]}"
1_1_1_2_LT05_018031_20081005,290.49235592,2008-10-05,LANDSAT_5,"{""type"":""MultiPoint"",""coordinates"":[]}"
1_1_1_2_LT05_018031_20081021,265.95439034000003,2008-10-21,LANDSAT_5,"{""type"":""MultiPoint"",""coordinates"":[]}"
1_1_1_2_LT05_018031_20090109,257.50504490000003,2009-01-09,LANDSAT_5,"{""type"":""MultiPoint"",""coordinates"":[]}"
1_1_1_2_LT05_018031_20090226,272.10340831999997,2009-02-26,LANDSAT_5,"{""type"":""MultiPoint"",""coordinates"":[]}"
1_1_1_2_LT05_018031_20090314,272.01453979999997,2009-03-14,LANDSAT_5,"{""type"":""MultiPoint"",""coordinates"":[]}"
1_1_1_2_LT05_018031_20090517,281.25686587999996,2009-05-17,LANDSAT_5,"{""type"":""MultiPoint"",""coordinates"":[]}"
1_1_1_2_LT05_018031_20090704,290.65983889999995,2009-07-04,LANDSAT_5,"{""type"":""MultiPoint"",""coordinates"":[]}"
1_1_1_2_LT05_018031_20090720,294.15305534000004,2009-07-20,LANDSAT_5,"{""type"":""MultiPoint"",""coordinates"":[]}"
1_1_1_2_LT05_018031_20090805,294.06760484,2009-08-05,LANDSAT_5,"{""type"":""MultiPoint"",""coordinates"":[]}"
1_1_1_2_LT05_018031_20090821,295.40405066,2009-08-21,LANDSAT_5,"{""type"":""MultiPoint"",""coordinates"":[]}"
1_1_1_2_LT05_018031_20090906,274.976984127246,2009-09-06,LANDSAT_5,"{""type"":""MultiPoint"",""coordinates"":[]}"
1_1_1_2_LT05_018031_20091008,232.89188288,2009-10-08,LANDSAT_5,"{""type"":""MultiPoint"",""coordinates"":[]}"
1_1_1_2_LT05_018031_20091109,254.88000554,2009-11-09,LANDSAT_5,"{""type"":""MultiPoint"",""coordinates"":[]}"
1_1_1_2_LT05_018031_20100112,272.93056916,2010-01-12,LANDSAT_5,"{""type"":""MultiPoint"",""coordinates"":[]}"
1_1_1_2_LT05_018031_20100128,270.08677652000006,2010-01-28,LANDSAT_5,"{""type"":""MultiPoint"",""coordinates"":[]}"
1_1_1_2_LT05_018031_20100317,275.22064256,2010-03-17,LANDSAT_5,"{""type"":""MultiPoint"",""coordinates"":[]}"
1_1_1_2_LT05_018031_20100402,272.37684992,2010-04-02,LANDSAT_5,"{""type"":""MultiPoint"",""coordinates"":[]}"
1_1_1_2_LT05_018031_20100504,280.57326188,2010-05-04,LANDSAT_5,"{""type"":""MultiPoint"",""coordinates"":[]}"
1_1_1_2_LT05_018031_20100520,283.21197331999997,2010-05-20,LANDSAT_5,"{""type"":""MultiPoint"",""coordinates"":[]}"
1_1_1_2_LT05_018031_20100621,292.08173522,2010-06-21,LANDSAT_5,"{""type"":""MultiPoint"",""coordinates"":[]}"
1_1_1_2_LT05_018031_20100707,296.28931783999997,2010-07-07,LANDSAT_5,"{""type"":""MultiPoint"",""coordinates"":[]}"
1_1_1_2_LT05_018031_20100723,150.00147986,2010-07-23,LANDSAT_5,"{""type"":""MultiPoint"",""coordinates"":[]}"
1_1_1_2_LT05_018031_20100808,290.75212544,2010-08-08,LANDSAT_5,"{""type"":""MultiPoint"",""coordinates"":[]}"
1_1_1_2_LT05_018031_20100824,284.99276174,2010-08-24,LANDSAT_5,"{""type"":""MultiPoint"",""coordinates"":[]}"
1_1_1_2_LT05_018031_20100909,280.39552483999995,2010-09-09,LANDSAT_5,"{""type"":""MultiPoint"",""coordinates"":[]}"
1_1_1_2_LT05_018031_20100925,275.3812895,2010-09-25,LANDSAT_5,"{""type"":""MultiPoint"",""coordinates"":[]}"
1_1_1_2_LT05_018031_20101011,281.67728234000003,2010-10-11,LANDSAT_5,"{""type"":""MultiPoint"",""coordinates"":[]}"
1_1_1_2_LT05_018031_20101112,284.56550924,2010-11-12,LANDSAT_5,"{""type"":""MultiPoint"",""coordinates"":[]}"
1_1_1_2_LT05_018031_20101128,262.7346155,2010-11-28,LANDSAT_5,"{""type"":""MultiPoint"",""coordinates"":[]}"
1_1_1_2_LT05_018031_20101214,253.63926428,2010-12-14,LANDSAT_5,"{""type"":""MultiPoint"",""coordinates"":[]}"
1_1_1_2_LT05_018031_20110131,252.14217151999998,2011-01-31,LANDSAT_5,"{""type"":""MultiPoint"",""coordinates"":[]}"
1_1_1_2_LT05_018031_20110320,273.33731353999997,2011-03-20,LANDSAT_5,"{""type"":""MultiPoint"",""coordinates"":[]}"
1_1_1_2_LT05_018031_20110421,275.63080496,2011-04-21,LANDSAT_5,"{""type"":""MultiPoint"",""coordinates"":[]}"
1_1_1_2_LT05_018031_20110507,278.7651293,2011-05-07,LANDSAT_5,"{""type"":""MultiPoint"",""coordinates"":[]}"
1_1_1_2_LT05_018031_20110608,287.89466072,2011-06-08,LANDSAT_5,"{""type"":""MultiPoint"",""coordinates"":[]}"
1_1_1_2_LT05_018031_20110710,274.9792448975,2011-07-10,LANDSAT_5,"{""type"":""MultiPoint"",""coordinates"":[]}"
1_1_1_2_LT05_018031_20110726,297.86160703999997,2011-07-26,LANDSAT_5,"{""type"":""MultiPoint"",""coordinates"":[]}"
1_1_1_2_LT05_018031_20110811,297.5642393,2011-08-11,LANDSAT_5,"{""type"":""MultiPoint"",""coordinates"":[]}"
1_1_1_2_LT05_018031_20110827,294.6418322,2011-08-27,LANDSAT_5,"{""type"":""MultiPoint"",""coordinates"":[]}"
1_1_1_2_LT05_018031_20110912,293.7873272,2011-09-12,LANDSAT_5,"{""type"":""MultiPoint"",""coordinates"":[]}"
1_1_1_2_LT05_018031_20110928,274.3900637,2011-09-28,LANDSAT_5,"{""type"":""MultiPoint"",""coordinates"":[]}"
1_1_1_2_LT05_018031_20111030,263.31226088,2011-10-30,LANDSAT_5,"{""type"":""MultiPoint"",""coordinates"":[]}"
1_1_1_2_LT05_019031_19840519,268.636965477268,1984-05-19,LANDSAT_5,"{""type"":""MultiPoint"",""coordinates"":[]}"
1_1_1_2_LT05_019031_19840604,282.44291882,1984-06-04,LANDSAT_5,"{""type"":""MultiPoint"",""coordinates"":[]}"
1_1_1_2_LT05_019031_19840620,290.46501176000004,1984-06-20,LANDSAT_5,"{""type"":""MultiPoint"",""coordinates"":[]}"
1_1_1_2_LT05_019031_19840706,150.00147986,1984-07-06,LANDSAT_5,"{""type"":""MultiPoint"",""coordinates"":[]}"
1_1_1_2_LT05_019031_19840722,295.97144198,1984-07-22,LANDSAT_5,"{""type"":""MultiPoint"",""coordinates"":[]}"
1_1_1_2_LT05_019031_19840807,297.42410048,1984-08-07,LANDSAT_5,"{""type"":""MultiPoint"",""coordinates"":[]}"
1_1_1_2_LT05_019031_19840908,292.81660952,1984-09-08,LANDSAT_5,"{""type"":""MultiPoint"",""coordinates"":[]}"
1_1_1_2_LT05_019031_19840924,274.20549062,1984-09-24,LANDSAT_5,"{""type"":""MultiPoint"",""coordinates"":[]}"
1_1_1_2_LT05_019031_19841010,285.44394038000013,1984-10-10,LANDSAT_5,"{""type"":""MultiPoint"",""coordinates"":[]}"
1_1_1_2_LT05_019031_19841127,273.26048422314335,1984-11-27,LANDSAT_5,"{""type"":""MultiPoint"",""coordinates"":[]}"
1_1_1_2_LT05_019031_19850130,266.56621592,1985-01-30,LANDSAT_5,"{""type"":""MultiPoint"",""coordinates"":[]}"
1_1_1_2_LT05_019031_19850303,258.84490874,1985-03-03,LANDSAT_5,"{""type"":""MultiPoint"",""coordinates"":[]}"
1_1_1_2_LT05_019031_19850319,243.65180984,1985-03-19,LANDSAT_5,"{""type"":""MultiPoint"",""coordinates"":[]}"
1_1_1_2_LT05_019031_19850420,274.31486726,1985-04-20,LANDSAT_5,"{""type"":""MultiPoint"",""coordinates"":[]}"
1_1_1_2_LT05_019031_19850607,285.90195506,1985-06-07,LANDSAT_5,"{""type"":""MultiPoint"",""coordinates"":[]}"
1_1_1_2_LT05_019031_19850623,289.2242705,1985-06-23,LANDSAT_5,"{""type"":""MultiPoint"",""coordinates"":[]}"
1_1_1_2_LT05_019031_19850810,296.41236656,1985-08-10,LANDSAT_5,"{""type"":""MultiPoint"",""coordinates"":[]}"
1_1_1_2_LT05_019031_19850826,294.08127692,1985-08-26,LANDSAT_5,"{""type"":""MultiPoint"",""coordinates"":[]}"
1_1_1_2_LT05_019031_19850911,294.99730628,1985-09-11,LANDSAT_5,"{""type"":""MultiPoint"",""coordinates"":[]}"
1_1_1_2_LT05_019031_19851013,289.33706516,1985-10-13,LANDSAT_5,"{""type"":""MultiPoint"",""coordinates"":[]}"
1_1_1_2_LT05_019031_19851029,283.91608543999996,1985-10-29,LANDSAT_5,"{""type"":""MultiPoint"",""coordinates"":[]}"
1_1_1_2_LT05_019031_19860117,254.5997279,1986-01-17,LANDSAT_5,"{""type"":""MultiPoint"",""coordinates"":[]}"
1_1_1_2_LT05_019031_19860322,272.390522,1986-03-22,LANDSAT_5,"{""type"":""MultiPoint"",""coordinates"":[]}"
1_1_1_2_LT05_019031_19860407,274.67717738,1986-04-07,LANDSAT_5,"{""type"":""MultiPoint"",""coordinates"":[]}"
1_1_1_2_LT05_019031_19860525,262.50560816,1986-05-25,LANDSAT_5,"{""type"":""MultiPoint"",""coordinates"":[]}"
1_1_1_2_LT05_019031_19860610,274.7285012255407,1986-06-10,LANDSAT_5,"{""type"":""MultiPoint"",""coordinates"":[]}"
1_1_1_2_LT05_019031_19860626,222.84974011999998,1986-06-26,LANDSAT_5,"{""type"":""MultiPoint"",""coordinates"":[]}"
1_1_1_2_LT05_019031_19860728,217.48592693208286,1986-07-28,LANDSAT_5,"{""type"":""MultiPoint"",""coordinates"":[]}"
1_1_1_2_LT05_019031_19860813,294.33079238,1986-08-13,LANDSAT_5,"{""type"":""MultiPoint"",""coordinates"":[]}"
1_1_1_2_LT05_019031_19860829,292.1637677,1986-08-29,LANDSAT_5,"{""type"":""MultiPoint"",""coordinates"":[]}"
1_1_1_2_LT05_019031_19860914,288.540455837909,1986-09-14,LANDSAT_5,"{""type"":""MultiPoint"",""coordinates"":[]}"
1_1_1_2_LT05_019031_19860930,285.63534949999996,1986-09-30,LANDSAT_5,"{""type"":""MultiPoint"",""coordinates"":[]}"
1_1_1_2_LT05_019031_19861016,238.09410932,1986-10-16,LANDSAT_5,"{""type"":""MultiPoint"",""coordinates"":[]}"
1_1_1_2_LT05_019031_19861117,267.0413207000001,1986-11-17,LANDSAT_5,"{""type"":""MultiPoint"",""coordinates"":[]}"
1_1_1_2_LT05_019031_19870104,234.69317942,1987-01-04,LANDSAT_5,"{""type"":""MultiPoint"",""coordinates"":[]}"
1_1_1_2_LT05_019031_19870120,266.4260771,1987-01-20,LANDSAT_5,"{""type"":""MultiPoint"",""coordinates"":[]}"
1_1_1_2_LT05_019031_19870205,272.69472578,1987-02-05,LANDSAT_5,"{""type"":""MultiPoint"",""coordinates"":[]}"
1_1_1_2_LT05_019031_19870221,271.09851044,1987-02-21,LANDSAT_5,"{""type"":""MultiPoint"",""coordinates"":[]}"
1_1_1_2_LT05_019031_19870325,271.87098296,1987-03-25,LANDSAT_5,"{""type"":""MultiPoint"",""coordinates"":[]}"
1_1_1_2_LT05_019031_19870410,275.15911819999997,1987-04-10,LANDSAT_5,"{""type"":""MultiPoint"",""coordinates"":[]}"
1_1_1_2_LT05_019031_19870426,277.57565834,1987-04-26,LANDSAT_5,"{""type"":""MultiPoint"",""coordinates"":[]}"
1_1_1_2_LT05_019031_19870512,280.47072128,1987-05-12,LANDSAT_5,"{""type"":""MultiPoint"",""coordinates"":[]}"
1_1_1_2_LT05_019031_19870528,287.50842446,1987-05-28,LANDSAT_5,"{""type"":""MultiPoint"",""coordinates"":[]}"
1_1_1_2_LT05_019031_19870613,290.27018462,1987-06-13,LANDSAT_5,"{""type"":""MultiPoint"",""coordinates"":[]}"
1_1_1_2_LT05_019031_19870629,275.34027326,1987-06-29,LANDSAT_5,"{""type"":""MultiPoint"",""coordinates"":[]}"
1_1_1_2_LT05_019031_19870715,295.58520572,1987-07-15,LANDSAT_5,"{""type"":""MultiPoint"",""coordinates"":[]}"
1_1_1_2_LT05_019031_19870731,290.95378861999995,1987-07-31,LANDSAT_5,"{""type"":""MultiPoint"",""coordinates"":[]}"
1_1_1_2_LT05_019031_19870816,297.77957456,1987-08-16,LANDSAT_5,"{""type"":""MultiPoint"",""coordinates"":[]}"
1_1_1_2_LT05_019031_19870901,269.77915472,1987-09-01,LANDSAT_5,"{""type"":""MultiPoint"",""coordinates"":[]}"
1_1_1_2_LT05_019031_19870917,251.90291012000003,1987-09-17,LANDSAT_5,"{""type"":""MultiPoint"",""coordinates"":[]}"
1_1_1_2_LT05_019031_19871003,265.6399325,1987-10-03,LANDSAT_5,"{""type"":""MultiPoint"",""coordinates"":[]}"
1_1_1_2_LT05_019031_19871019,266.20390580000003,1987-10-19,LANDSAT_5,"{""type"":""MultiPoint"",""coordinates"":[]}"
1_1_1_2_LT05_019031_19871104,274.27726903999996,1987-11-04,LANDSAT_5,"{""type"":""MultiPoint"",""coordinates"":[]}"
1_1_1_2_LT05_019031_19871120,281.75931482,1987-11-20,LANDSAT_5,"{""type"":""MultiPoint"",""coordinates"":[]}"
1_1_1_2_LT05_019031_19871222,244.61569148,1987-12-22,LANDSAT_5,"{""type"":""MultiPoint"",""coordinates"":[]}"
1_1_1_2_LT05_019031_19880107,254.47667918,1988-01-07,LANDSAT_5,"{""type"":""MultiPoint"",""coordinates"":[]}"
1_1_1_2_LT05_019031_19880208,258.45525446,1988-02-08,LANDSAT_5,"{""type"":""MultiPoint"",""coordinates"":[]}"
1_1_1_2_LT05_019031_19880224,254.96887406,1988-02-24,LANDSAT_5,"{""type"":""MultiPoint"",""coordinates"":[]}"
1_1_1_2_LT05_019031_19880311,267.98469422,1988-03-11,LANDSAT_5,"{""type"":""MultiPoint"",""coordinates"":[]}"
1_1_1_2_LT05_019031_19880412,275.9623529,1988-04-12,LANDSAT_5,"{""type"":""MultiPoint"",""coordinates"":[]}"
1_1_1_2_LT05_019031_19880514,278.94970237999996,1988-05-14,LANDSAT_5,"{""type"":""MultiPoint"",""coordinates"":[]}"
1_1_1_2_LT05_019031_19880530,286.37705984,1988-05-30,LANDSAT_5,"{""type"":""MultiPoint"",""coordinates"":[]}"
1_1_1_2_LT05_019031_19880615,288.23646271999996,1988-06-15,LANDSAT_5,"{""type"":""MultiPoint"",""coordinates"":[]}"
1_1_1_2_LT05_019031_19880701,290.74187138,1988-07-01,LANDSAT_5,"{""type"":""MultiPoint"",""coordinates"":[]}"
1_1_1_2_LT05_019031_19880717,299.31426554,1988-07-17,LANDSAT_5,"{""type"":""MultiPoint"",""coordinates"":[]}"
1_1_1_2_LT05_019031_19880802,296.82252896,1988-08-02,LANDSAT_5,"{""type"":""MultiPoint"",""coordinates"":[]}"
1_1_1_2_LT05_019031_19880818,282.81206498,1988-08-18,LANDSAT_5,"{""type"":""MultiPoint"",""coordinates"":[]}"
1_1_1_2_LT05_019031_19881208,277.81150172,1988-12-08,LANDSAT_5,"{""type"":""MultiPoint"",""coordinates"":[]}"
1_1_1_2_LT05_019031_19890210,267.17462348,1989-02-10,LANDSAT_5,"{""type"":""MultiPoint"",""coordinates"":[]}"
1_1_1_2_LT05_019031_19890415,254.83557128,1989-04-15,LANDSAT_5,"{""type"":""MultiPoint"",""coordinates"":[]}"
1_1_1_2_LT05_019031_19890501,239.56727594,1989-05-01,LANDSAT_5,"{""type"":""MultiPoint"",""coordinates"":[]}"
1_1_1_2_LT05_019031_19890517,283.78620068,1989-05-17,LANDSAT_5,"{""type"":""MultiPoint"",""coordinates"":[]}"
1_1_1_2_LT05_019031_19890602,284.15192881999997,1989-06-02,LANDSAT_5,"{""type"":""MultiPoint"",""coordinates"":[]}"
1_1_1_2_LT05_019031_19890618,288.7115675,1989-06-18,LANDSAT_5,"{""type"":""MultiPoint"",""coordinates"":[]}"
1_1_1_2_LT05_019031_19890704,246.13329235999998,1989-07-04,LANDSAT_5,"{""type"":""MultiPoint"",""coordinates"":[]}"
1_1_1_2_LT05_019031_19890805,276.1776881599999,1989-08-05,LANDSAT_5,"{""type"":""MultiPoint"",""coordinates"":[]}"
1_1_1_2_LT05_019031_19890821,295.21264154,1989-08-21,LANDSAT_5,"{""type"":""MultiPoint"",""coordinates"":[]}"
1_1_1_2_LT05_019031_19890906,150.00147986,1989-09-06,LANDSAT_5,"{""type"":""MultiPoint"",""coordinates"":[]}"
1_1_1_2_LT05_019031_19890922,234.24128873482323,1989-09-22,LANDSAT_5,"{""type"":""MultiPoint"",""coordinates"":[]}"
1_1_1_2_LT05_019031_19891008,255.53284736,1989-10-08,LANDSAT_5,"{""type"":""MultiPoint"",""coordinates"":[]}"
1_1_1_2_LT05_019031_19891024,278.32420472,1989-10-24,LANDSAT_5,"{""type"":""MultiPoint"",""coordinates"":[]}"
1_1_1_2_LT05_019031_19891109,264.4436255,1989-11-09,LANDSAT_5,"{""type"":""MultiPoint"",""coordinates"":[]}"
1_1_1_2_LT05_019031_19900418,276.27339272,1990-04-18,LANDSAT_5,"{""type"":""MultiPoint"",""coordinates"":[]}"
1_1_1_2_LT05_019031_19900520,283.1060147,1990-05-20,LANDSAT_5,"{""type"":""MultiPoint"",""coordinates"":[]}"
1_1_1_2_LT05_019031_19900605,284.31599378,1990-06-05,LANDSAT_5,"{""type"":""MultiPoint"",""coordinates"":[]}"
1_1_1_2_LT05_019031_19900621,289.67886716,1990-06-21,LANDSAT_5,"{""type"":""MultiPoint"",""coordinates"":[]}"
1_1_1_2_LT05_019031_19900707,278.99755465999993,1990-07-07,LANDSAT_5,"{""type"":""MultiPoint"",""coordinates"":[]}"
1_1_1_2_LT05_019031_19900723,279.7221748999999,1990-07-23,LANDSAT_5,"{""type"":""MultiPoint"",""coordinates"":[]}"
1_1_1_2_LT05_019031_19900808,293.41818104000004,1990-08-08,LANDSAT_5,"{""type"":""MultiPoint"",""coordinates"":[]}"
1_1_1_2_LT05_019031_19900824,281.55081559999996,1990-08-24,LANDSAT_5,"{""type"":""MultiPoint"",""coordinates"":[]}"
1_1_1_2_LT05_019031_19900909,251.0382452792216,1990-09-09,LANDSAT_5,"{""type"":""MultiPoint"",""coordinates"":[]}"
1_1_1_2_LT05_019031_19900925,280.58693396,1990-09-25,LANDSAT_5,"{""type"":""MultiPoint"",""coordinates"":[]}"
1_1_1_2_LT05_019031_19901011,235.3373791311132,1990-10-11,LANDSAT_5,"{""type"":""MultiPoint"",""coordinates"":[]}"
1_1_1_2_LT05_019031_19901027,286.0796921,1990-10-27,LANDSAT_5,"{""type"":""MultiPoint"",""coordinates"":[]}"
1_1_1_2_LT05_019031_19901112,277.30905278,1990-11-12,LANDSAT_5,"{""type"":""MultiPoint"",""coordinates"":[]}"
1_1_1_2_LT05_019031_19901214,264.48464174000003,1990-12-14,LANDSAT_5,"{""type"":""MultiPoint"",""coordinates"":[]}"
1_1_1_2_LT05_019031_19910115,251.57478019999996,1991-01-15,LANDSAT_5,"{""type"":""MultiPoint"",""coordinates"":[]}"
1_1_1_2_LT05_019031_19910131,259.743848,1991-01-31,LANDSAT_5,"{""type"":""MultiPoint"",""coordinates"":[]}"
1_1_1_2_LT05_019031_19910216,266.0398408399999,1991-02-16,LANDSAT_5,"{""type"":""MultiPoint"",""coordinates"":[]}"
1_1_1_2_LT05_019031_19910304,250.73052926,1991-03-04,LANDSAT_5,"{""type"":""MultiPoint"",""coordinates"":[]}"
1_1_1_2_LT05_019031_19910320,270.681512,1991-03-20,LANDSAT_5,"{""type"":""MultiPoint"",""coordinates"":[]}"
1_1_1_2_LT05_019031_19910507,280.07764898,1991-05-07,LANDSAT_5,"{""type"":""MultiPoint"",""coordinates"":[]}"
1_1_1_2_LT05_019031_19910523,289.26528673999996,1991-05-23,LANDSAT_5,"{""type"":""MultiPoint"",""coordinates"":[]}"
1_1_1_2_LT05_019031_19910608,291.75702332000003,1991-06-08,LANDSAT_5,"{""type"":""MultiPoint"",""coordinates"":[]}"
1_1_1_2_LT05_019031_19910624,290.26334857999996,1991-06-24,LANDSAT_5,"{""type"":""MultiPoint"",""coordinates"":[]}"
1_1_1_2_LT05_019031_19910710,254.44933501999998,1991-07-10,LANDSAT_5,"{""type"":""MultiPoint"",""coordinates"":[]}"
1_1_1_2_LT05_019031_19910726,296.28589982,1991-07-26,LANDSAT_5,"{""type"":""MultiPoint"",""coordinates"":[]}"
1_1_1_2_LT05_019031_19910811,294.4709312,1991-08-11,LANDSAT_5,"{""type"":""MultiPoint"",""coordinates"":[]}"
1_1_1_2_LT05_019031_19910827,294.6931025,1991-08-27,LANDSAT_5,"{""type"":""MultiPoint"",""coordinates"":[]}"
1_1_1_2_LT05_019031_19910928,291.08367338,1991-09-28,LANDSAT_5,"{""type"":""MultiPoint"",""coordinates"":[]}"
1_1_1_2_LT05_019031_19911014,246.73486387999998,1991-10-14,LANDSAT_5,"{""type"":""MultiPoint"",""coordinates"":[]}"
1_1_1_2_LT05_019031_19911030,285.99765962000004,1991-10-30,LANDSAT_5,"{""type"":""MultiPoint"",""coordinates"":[]}"
1_1_1_2_LT05_019031_19911217,255.0611606,1991-12-17,LANDSAT_5,"{""type"":""MultiPoint"",""coordinates"":[]}"
1_1_1_2_LT05_019031_19920102,261.452858,1992-01-02,LANDSAT_5,"{""type"":""MultiPoint"",""coordinates"":[]}"
1_1_1_2_LT05_019031_19920203,265.04861504,1992-02-03,LANDSAT_5,"{""type"":""MultiPoint"",""coordinates"":[]}"
1_1_1_2_LT05_019031_19920407,267.8172112399999,1992-04-07,LANDSAT_5,"{""type"":""MultiPoint"",""coordinates"":[]}"
1_1_1_2_LT05_019031_19920423,272.85633518665315,1992-04-23,LANDSAT_5,"{""type"":""MultiPoint"",""coordinates"":[]}"
1_1_1_2_LT05_019031_19920509,278.54637602,1992-05-09,LANDSAT_5,"{""type"":""MultiPoint"",""coordinates"":[]}"
1_1_1_2_LT05_019031_19920525,265.554482,1992-05-25,LANDSAT_5,"{""type"":""MultiPoint"",""coordinates"":[]}"
1_1_1_2_LT05_019031_19920610,287.59045693999997,1992-06-10,LANDSAT_5,"{""type"":""MultiPoint"",""coordinates"":[]}"
1_1_1_2_LT05_019031_19920626,258.6651061795069,1992-06-26,LANDSAT_5,"{""type"":""MultiPoint"",""coordinates"":[]}"
1_1_1_2_LT05_019031_19920813,259.27899728,1992-08-13,LANDSAT_5,"{""type"":""MultiPoint"",""coordinates"":[]}"
1_1_1_2_LT05_019031_19920829,292.49189762000003,1992-08-29,LANDSAT_5,"{""type"":""MultiPoint"",""coordinates"":[]}"
1_1_1_2_LT05_019031_19920914,291.88349006,1992-09-14,LANDSAT_5,"{""type"":""MultiPoint"",""coordinates"":[]}"
1_1_1_2_LT05_019031_19920930,276.48530996,1992-09-30,LANDSAT_5,"{""type"":""MultiPoint"",""coordinates"":[]}"
1_1_1_2_LT05_019031_19921101,233.88310868,1992-11-01,LANDSAT_5,"{""type"":""MultiPoint"",""coordinates"":[]}"
1_1_1_2_LT05_019031_19921203,259.26190718,1992-12-03,LANDSAT_5,"{""type"":""MultiPoint"",""coordinates"":[]}"
1_1_1_2_LT05_019031_19921219,249.81108188000002,1992-12-19,LANDSAT_5,"{""type"":""MultiPoint"",""coordinates"":[]}"
1_1_1_2_LT05_019031_19930120,273.10147015999996,1993-01-20,LANDSAT_5,"{""type"":""MultiPoint"",""coordinates"":[]}"
1_1_1_2_LT05_019031_19930205,272.53749686,1993-02-05,LANDSAT_5,"{""type"":""MultiPoint"",""coordinates"":[]}"
1_1_1_2_LT05_019031_19930410,274.0482617,1993-04-10,LANDSAT_5,"{""type"":""MultiPoint"",""coordinates"":[]}"
1_1_1_2_LT05_019031_19930426,232.5022286,1993-04-26,LANDSAT_5,"{""type"":""MultiPoint"",""coordinates"":[]}"
1_1_1_2_LT05_019031_19930512,265.26121248495144,1993-05-12,LANDSAT_5,"{""type"":""MultiPoint"",""coordinates"":[]}"
1_1_1_2_LT05_019031_19930528,262.1925575802211,1993-05-28,LANDSAT_5,"{""type"":""MultiPoint"",""coordinates"":[]}"
1_1_1_2_LT05_019031_19930613,287.1905486,1993-06-13,LANDSAT_5,"{""type"":""MultiPoint"",""coordinates"":[]}"
1_1_1_2_LT05_019031_19930629,288.87221444,1993-06-29,LANDSAT_5,"{""type"":""MultiPoint"",""coordinates"":[]}"
1_1_1_2_LT05_019031_19930715,295.47241106,1993-07-15,LANDSAT_5,"{""type"":""MultiPoint"",""coordinates"":[]}"
1_1_1_2_LT05_019031_19930731,295.93042574000003,1993-07-31,LANDSAT_5,"{""type"":""MultiPoint"",""coordinates"":[]}"
1_1_1_2_LT05_019031_19930816,292.33808672,1993-08-16,LANDSAT_5,"{""type"":""MultiPoint"",""coordinates"":[]}"
1_1_1_2_LT05_019031_19930901,297.65310782,1993-09-01,LANDSAT_5,"{""type"":""MultiPoint"",""coordinates"":[]}"
1_1_1_2_LT05_019031_19930917,278.72411306,1993-09-17,LANDSAT_5,"{""type"":""MultiPoint"",""coordinates"":[]}"
1_1_1_2_LT05_019031_19931003,261.66819326,1993-10-03,LANDSAT_5,"{""type"":""MultiPoint"",""coordinates"":[]}"
1_1_1_2_LT05_019031_19931019,286.29844538,1993-10-19,LANDSAT_5,"{""type"":""MultiPoint"",""coordinates"":[]}"
1_1_1_2_LT05_019031_19931120,272.3460877400001,1993-11-20,LANDSAT_5,"{""type"":""MultiPoint"",""coordinates"":[]}"
1_1_1_2_LT05_019031_19940312,268.82894516,1994-03-12,LANDSAT_5,"{""type"":""MultiPoint"",""coordinates"":[]}"
1_1_1_2_LT05_019031_19940328,257.8297568,1994-03-28,LANDSAT_5,"{""type"":""MultiPoint"",""coordinates"":[]}"
1_1_1_2_LT05_019031_19940429,206.85581032436806,1994-04-29,LANDSAT_5,"{""type"":""MultiPoint"",""coordinates"":[]}"
1_1_1_2_LT05_019031_19940531,275.74359962,1994-05-31,LANDSAT_5,"{""type"":""MultiPoint"",""coordinates"":[]}"
1_1_1_2_LT05_019031_19940616,290.8991003,1994-06-16,LANDSAT_5,"{""type"":""MultiPoint"",""coordinates"":[]}"
1_1_1_2_LT05_019031_19940702,150.00147986,1994-07-02,LANDSAT_5,"{""type"":""MultiPoint"",""coordinates"":[]}"
1_1_1_2_LT05_019031_19940718,296.87721727999997,1994-07-18,LANDSAT_5,"{""type"":""MultiPoint"",""coordinates"":[]}"
1_1_1_2_LT05_019031_19940803,291.28533656000013,1994-08-03,LANDSAT_5,"{""type"":""MultiPoint"",""coordinates"":[]}"
1_1_1_2_LT05_019031_19940819,292.86446179999996,1994-08-19,LANDSAT_5,"{""type"":""MultiPoint"",""coordinates"":[]}"
1_1_1_2_LT05_019031_19940920,291.99628472,1994-09-20,LANDSAT_5,"{""type"":""MultiPoint"",""coordinates"":[]}"
1_1_1_2_LT05_019031_19941022,259.91474900000003,1994-10-22,LANDSAT_5,"{""type"":""MultiPoint"",""coordinates"":[]}"
1_1_1_2_LT05_019031_19941107,284.87654906,1994-11-07,LANDSAT_5,"{""type"":""MultiPoint"",""coordinates"":[]}"
1_1_1_2_LT05_019031_19941225,274.09611398000004,1994-12-25,LANDSAT_5,"{""type"":""MultiPoint"",""coordinates"":[]}"
1_1_1_2_LT05_019031_19950126,260.04805178,1995-01-26,LANDSAT_5,"{""type"":""MultiPoint"",""coordinates"":[]}"
1_1_1_2_LT05_019031_19950211,255.19104535999995,1995-02-11,LANDSAT_5,"{""type"":""MultiPoint"",""coordinates"":[]}"
1_1_1_2_LT05_019031_19950315,272.08973624,1995-03-15,LANDSAT_5,"{""type"":""MultiPoint"",""coordinates"":[]}"
1_1_1_2_LT05_019031_19950331,268.74349466,1995-03-31,LANDSAT_5,"{""type"":""MultiPoint"",""coordinates"":[]}"
1_1_1_2_LT05_019031_19950416,272.04530198,1995-04-16,LANDSAT_5,"{""type"":""MultiPoint"",""coordinates"":[]}"
1_1_1_2_LT05_019031_19950502,277.44235556,1995-05-02,LANDSAT_5,"{""type"":""MultiPoint"",""coordinates"":[]}"
1_1_1_2_LT05_019031_19950603,284.0801504,1995-06-03,LANDSAT_5,"{""type"":""MultiPoint"",""coordinates"":[]}"
1_1_1_2_LT05_019031_19950619,292.63203644,1995-06-19,LANDSAT_5,"{""type"":""MultiPoint"",""coordinates"":[]}"
1_1_1_2_LT05_019031_19950705,150.00147986,1995-07-05,LANDSAT_5,"{""type"":""MultiPoint"",""coordinates"":[]}"
1_1_1_2_LT05_019031_19950721,296.46363686,1995-07-21,LANDSAT_5,"{""type"":""MultiPoint"",""coordinates"":[]}"
1_1_1_2_LT05_019031_19950806,296.53199726,1995-08-06,LANDSAT_5,"{""type"":""MultiPoint"",""coordinates"":[]}"
1_1_1_2_LT05_019031_19950822,297.49246088,1995-08-22,LANDSAT_5,"{""type"":""MultiPoint"",""coordinates"":[]}"
1_1_1_2_LT05_019031_19950923,291.5143439,1995-09-23,LANDSAT_5,"{""type"":""MultiPoint"",""coordinates"":[]}"
1_1_1_2_LT05_019031_19951009,267.02764862,1995-10-09,LANDSAT_5,"{""type"":""MultiPoint"",""coordinates"":[]}"
1_1_1_2_LT05_019031_19951025,270.77038052,1995-10-25,LANDSAT_5,"{""type"":""MultiPoint"",""coordinates"":[]}"
1_1_1_2_LT05_019031_19951126,245.9179571,1995-11-26,LANDSAT_5,"{""type"":""MultiPoint"",""coordinates"":[]}"
1_1_1_2_LT05_019031_19960317,268.41878276,1996-03-17,LANDSAT_5,"{""type"":""MultiPoint"",""coordinates"":[]}"
1_1_1_2_LT05_019031_19960402,273.79532822,1996-04-02,LANDSAT_5,"{""type"":""MultiPoint"",""coordinates"":[]}"
1_1_1_2_LT05_019031_19960418,274.99505324,1996-04-18,LANDSAT_5,"{""type"":""MultiPoint"",""coordinates"":[]}"
1_1_1_2_LT05_019031_19960520,279.17187368,1996-05-20,LANDSAT_5,"{""type"":""MultiPoint"",""coordinates"":[]}"
1_1_1_2_LT05_019031_19960605,285.06112214,1996-06-05,LANDSAT_5,"{""type"":""MultiPoint"",""coordinates"":[]}"
1_1_1_2_LT05_019031_19960621,238.00814097153437,1996-06-21,LANDSAT_5,"{""type"":""MultiPoint"",""coordinates"":[]}"
1_1_1_2_LT05_019031_19960707,292.60127425999997,1996-07-07,LANDSAT_5,"{""type"":""MultiPoint"",""coordinates"":[]}"
1_1_1_2_LT05_019031_19960723,294.06760484,1996-07-23,LANDSAT_5,"{""type"":""MultiPoint"",""coordinates"":[]}"
1_1_1_2_LT05_019031_19960808,295.1651476363256,1996-08-08,LANDSAT_5,"{""type"":""MultiPoint"",""coordinates"":[]}"
1_1_1_2_LT05_019031_19960824,294.36497257999997,1996-08-24,LANDSAT_5,"{""type"":""MultiPoint"",""coordinates"":[]}"
1_1_1_2_LT05_019031_19960925,291.38787716,1996-09-25,LANDSAT_5,"{""type"":""MultiPoint"",""coordinates"":[]}"
1_1_1_2_LT05_019031_19961027,279.83592581295676,1996-10-27,LANDSAT_5,"{""type"":""MultiPoint"",""coordinates"":[]}"
1_1_1_2_LT05_019031_19961112,259.48407848,1996-11-12,LANDSAT_5,"{""type"":""MultiPoint"",""coordinates"":[]}"
1_1_1_2_LT05_019031_19961214,277.3124708,1996-12-14,LANDSAT_5,"{""type"":""MultiPoint"",""coordinates"":[]}"
1_1_1_2_LT05_019031_19970115,249.17533016,1997-01-15,LANDSAT_5,"{""type"":""MultiPoint"",""coordinates"":[]}"
1_1_1_2_LT05_019031_19970320,267.0413207,1997-03-20,LANDSAT_5,"{""type"":""MultiPoint"",""coordinates"":[]}"
1_1_1_2_LT05_019031_19970421,261.7604798,1997-04-21,LANDSAT_5,"{""type"":""MultiPoint"",""coordinates"":[]}"
1_1_1_2_LT05_019031_19970507,279.16845566,1997-05-07,LANDSAT_5,"{""type"":""MultiPoint"",""coordinates"":[]}"
1_1_1_2_LT05_019031_19970523,263.91725042,1997-05-23,LANDSAT_5,"{""type"":""MultiPoint"",""coordinates"":[]}"
1_1_1_2_LT05_019031_19970608,284.59627142,1997-06-08,LANDSAT_5,"{""type"":""MultiPoint"",""coordinates"":[]}"
1_1_1_2_LT05_019031_19970624,289.36440932,1997-06-24,LANDSAT_5,"{""type"":""MultiPoint"",""coordinates"":[]}"
1_1_1_2_LT05_019031_19970710,290.93669852,1997-07-10,LANDSAT_5,"{""type"":""MultiPoint"",""coordinates"":[]}"
1_1_1_2_LT05_019031_19970726,246.726387877695,1997-07-26,LANDSAT_5,"{""type"":""MultiPoint"",""coordinates"":[]}"
1_1_1_2_LT05_019031_19970827,292.4611354399999,1997-08-27,LANDSAT_5,"{""type"":""MultiPoint"",""coordinates"":[]}"
1_1_1_2_LT05_019031_19970928,284.5655092400001,1997-09-28,LANDSAT_5,"{""type"":""MultiPoint"",""coordinates"":[]}"
1_1_1_2_LT05_019031_19971014,267.93684194,1997-10-14,LANDSAT_5,"{""type"":""MultiPoint"",""coordinates"":[]}"
1_1_1_2_LT05_019031_19971201,273.91495892000006,1997-12-01,LANDSAT_5,"{""type"":""MultiPoint"",""coordinates"":[]}"
1_1_1_2_LT05_019031_19971217,274.17131042,1997-12-17,LANDSAT_5,"{""type"":""MultiPoint"",""coordinates"":[]}"
1_1_1_2_LT05_019031_19980102,268.4939792,1998-01-02,LANDSAT_5,"{""type"":""MultiPoint"",""coordinates"":[]}"
1_1_1_2_LT05_019031_19980203,254.12462312,1998-02-03,LANDSAT_5,"{""type"":""MultiPoint"",""coordinates"":[]}"
1_1_1_2_LT05_019031_19980307,271.76844236,1998-03-07,LANDSAT_5,"{""type"":""MultiPoint"",""coordinates"":[]}"
1_1_1_2_LT05_019031_19980323,274.58830886,1998-03-23,LANDSAT_5,"{""type"":""MultiPoint"",""coordinates"":[]}"
1_1_1_2_LT05_019031_19980408,267.94367798,1998-04-08,LANDSAT_5,"{""type"":""MultiPoint"",""coordinates"":[]}"
1_1_1_2_LT05_019031_19980424,252.59676818,1998-04-24,LANDSAT_5,"{""type"":""MultiPoint"",""coordinates"":[]}"
1_1_1_2_LT05_019031_19980510,268.26497186,1998-05-10,LANDSAT_5,"{""type"":""MultiPoint"",""coordinates"":[]}"
1_1_1_2_LT05_019031_19980526,287.53576862,1998-05-26,LANDSAT_5,"{""type"":""MultiPoint"",""coordinates"":[]}"
1_1_1_2_LT05_019031_19980627,150.00147986,1998-06-27,LANDSAT_5,"{""type"":""MultiPoint"",""coordinates"":[]}"
1_1_1_2_LT05_019031_19980713,295.84155722,1998-07-13,LANDSAT_5,"{""type"":""MultiPoint"",""coordinates"":[]}"
1_1_1_2_LT05_019031_19980729,294.36155456,1998-07-29,LANDSAT_5,"{""type"":""MultiPoint"",""coordinates"":[]}"
1_1_1_2_LT05_019031_19980814,223.22230430000002,1998-08-14,LANDSAT_5,"{""type"":""MultiPoint"",""coordinates"":[]}"
1_1_1_2_LT05_019031_19980830,259.77461017999997,1998-08-30,LANDSAT_5,"{""type"":""MultiPoint"",""coordinates"":[]}"
1_1_1_2_LT05_019031_19980915,189.0421043,1998-09-15,LANDSAT_5,"{""type"":""MultiPoint"",""coordinates"":[]}"
1_1_1_2_LT05_019031_19981001,292.13984156000004,1998-10-01,LANDSAT_5,"{""type"":""MultiPoint"",""coordinates"":[]}"
1_1_1_2_LT05_019031_19981017,282.76421270000003,1998-10-17,LANDSAT_5,"{""type"":""MultiPoint"",""coordinates"":[]}"
1_1_1_2_LT05_019031_19981118,264.32741282,1998-11-18,LANDSAT_5,"{""type"":""MultiPoint"",""coordinates"":[]}"
1_1_1_2_LT05_019031_19990105,255.15686516,1999-01-05,LANDSAT_5,"{""type"":""MultiPoint"",""coordinates"":[]}"
1_1_1_2_LT05_019031_19990206,267.10284506,1999-02-06,LANDSAT_5,"{""type"":""MultiPoint"",""coordinates"":[]}"
1_1_1_2_LT05_019031_19990222,270.5277011,1999-02-22,LANDSAT_5,"{""type"":""MultiPoint"",""coordinates"":[]}"
1_1_1_2_LT05_019031_19990310,268.3470043400002,1999-03-10,LANDSAT_5,"{""type"":""MultiPoint"",""coordinates"":[]}"
1_1_1_2_LT05_019031_19990326,265.02127088,1999-03-26,LANDSAT_5,"{""type"":""MultiPoint"",""coordinates"":[]}"
1_1_1_2_LT05_019031_19990411,263.83863596,1999-04-11,LANDSAT_5,"{""type"":""MultiPoint"",""coordinates"":[]}"
1_1_1_2_LT05_019031_19990427,277.24752842,1999-04-27,LANDSAT_5,"{""type"":""MultiPoint"",""coordinates"":[]}"
1_1_1_2_LT05_019031_19990529,286.29844538,1999-05-29,LANDSAT_5,"{""type"":""MultiPoint"",""coordinates"":[]}"
1_1_1_2_LT05_019031_19990630,235.71516739999998,1999-06-30,LANDSAT_5,"{""type"":""MultiPoint"",""coordinates"":[]}"
1_1_1_2_LT05_019031_19990716,292.10566136,1999-07-16,LANDSAT_5,"{""type"":""MultiPoint"",""coordinates"":[]}"
1_1_1_2_LT05_019031_19990801,296.61744776,1999-08-01,LANDSAT_5,"{""type"":""MultiPoint"",""coordinates"":[]}"
1_1_1_2_LT05_019031_19990817,295.9919501,1999-08-17,LANDSAT_5,"{""type"":""MultiPoint"",""coordinates"":[]}"
1_1_1_2_LT05_019031_19990902,287.8912427,1999-09-02,LANDSAT_5,"{""type"":""MultiPoint"",""coordinates"":[]}"
1_1_1_2_LT05_019031_19990918,293.02169072000004,1999-09-18,LANDSAT_5,"{""type"":""MultiPoint"",""coordinates"":[]}"
1_1_1_2_LT05_019031_19991020,288.19544648,1999-10-20,LANDSAT_5,"{""type"":""MultiPoint"",""coordinates"":[]}"
1_1_1_2_LT05_019031_19991105,280.28956622,1999-11-05,LANDSAT_5,"{""type"":""MultiPoint"",""coordinates"":[]}"
1_1_1_2_LT05_019031_19991121,279.20263586,1999-11-21,LANDSAT_5,"{""type"":""MultiPoint"",""coordinates"":[]}"
1_1_1_2_LT05_019031_19991207,264.52907600000003,1999-12-07,LANDSAT_5,"{""type"":""MultiPoint"",""coordinates"":[]}"
1_1_1_2_LT05_019031_19991223,252.24813013999997,1999-12-23,LANDSAT_5,"{""type"":""MultiPoint"",""coordinates"":[]}"
1_1_1_2_LT05_019031_20000108,275.59320674,2000-01-08,LANDSAT_5,"{""type"":""MultiPoint"",""coordinates"":[]}"
1_1_1_2_LT05_019031_20000124,272.89297094,2000-01-24,LANDSAT_5,"{""type"":""MultiPoint"",""coordinates"":[]}"
1_1_1_2_LT05_019031_20000312,274.70793956,2000-03-12,LANDSAT_5,"{""type"":""MultiPoint"",""coordinates"":[]}"
1_1_1_2_LT05_019031_20000328,274.89251264,2000-03-28,LANDSAT_5,"{""type"":""MultiPoint"",""coordinates"":[]}"
1_1_1_2_LT05_019031_20000429,268.90755962000003,2000-04-29,LANDSAT_5,"{""type"":""MultiPoint"",""coordinates"":[]}"
1_1_1_2_LT05_019031_20000515,281.85501938,2000-05-15,LANDSAT_5,"{""type"":""MultiPoint"",""coordinates"":[]}"
1_1_1_2_LT05_019031_20000531,280.2847072915498,2000-05-31,LANDSAT_5,"{""type"":""MultiPoint"",""coordinates"":[]}"
1_1_1_2_LT05_019031_20000616,288.51332234,2000-06-16,LANDSAT_5,"{""type"":""MultiPoint"",""coordinates"":[]}"
1_1_1_2_LT05_019031_20000702,291.1725419,2000-07-02,LANDSAT_5,"{""type"":""MultiPoint"",""coordinates"":[]}"
1_1_1_2_LT05_019031_20000718,258.77728679378254,2000-07-18,LANDSAT_5,"{""type"":""MultiPoint"",""coordinates"":[]}"
1_1_1_2_LT05_019031_20000819,294.18723553999996,2000-08-19,LANDSAT_5,"{""type"":""MultiPoint"",""coordinates"":[]}"
1_1_1_2_LT05_019031_20000920,288.6432071,2000-09-20,LANDSAT_5,"{""type"":""MultiPoint"",""coordinates"":[]}"
1_1_1_2_LT05_019031_20001022,287.50842446,2000-10-22,LANDSAT_5,"{""type"":""MultiPoint"",""coordinates"":[]}"
1_1_1_2_LT05_019031_20001123,268.4085287,2000-11-23,LANDSAT_5,"{""type"":""MultiPoint"",""coordinates"":[]}"
1_1_1_2_LT05_019031_20001209,260.17110049999997,2000-12-09,LANDSAT_5,"{""type"":""MultiPoint"",""coordinates"":[]}"
1_1_1_2_LT05_019031_20001225,259.75752008,2000-12-25,LANDSAT_5,"{""type"":""MultiPoint"",""coordinates"":[]}"
1_1_1_2_LT05_019031_20010110,268.40511068,2001-01-10,LANDSAT_5,"{""type"":""MultiPoint"",""coordinates"":[]}"
1_1_1_2_LT05_019031_20010126,265.08621326,2001-01-26,LANDSAT_5,"{""type"":""MultiPoint"",""coordinates"":[]}"
1_1_1_2_LT05_019031_20010211,259.03631786,2001-02-11,LANDSAT_5,"{""type"":""MultiPoint"",""coordinates"":[]}"
1_1_1_2_LT05_019031_20010227,258.02800196,2001-02-27,LANDSAT_5,"{""type"":""MultiPoint"",""coordinates"":[]}"
1_1_1_2_LT05_019031_20010502,271.0574942,2001-05-02,LANDSAT_5,"{""type"":""MultiPoint"",""coordinates"":[]}"
1_1_1_2_LT05_019031_20010518,150.00147986,2001-05-18,LANDSAT_5,"{""type"":""MultiPoint"",""coordinates"":[]}"
1_1_1_2_LT05_019031_20010619,285.85068476000004,2001-06-19,LANDSAT_5,"{""type"":""MultiPoint"",""coordinates"":[]}"
1_1_1_2_LT05_019031_20010705,280.99026031999995,2001-07-05,LANDSAT_5,"{""type"":""MultiPoint"",""coordinates"":[]}"
1_1_1_2_LT05_019031_20010721,295.96460593999996,2001-07-21,LANDSAT_5,"{""type"":""MultiPoint"",""coordinates"":[]}"
1_1_1_2_LT05_019031_20010806,297.32155988,2001-08-06,LANDSAT_5,"{""type"":""MultiPoint"",""coordinates"":[]}"
1_1_1_2_LT05_019031_20010907,284.05280624,2001-09-07,LANDSAT_5,"{""type"":""MultiPoint"",""coordinates"":[]}"
1_1_1_2_LT05_019031_20010923,289.79849786,2001-09-23,LANDSAT_5,"{""type"":""MultiPoint"",""coordinates"":[]}"
1_1_1_2_LT05_019031_20011009,288.05530766,2001-10-09,LANDSAT_5,"{""type"":""MultiPoint"",""coordinates"":[]}"
1_1_1_2_LT05_019031_20011025,264.26930648,2001-10-25,LANDSAT_5,"{""type"":""MultiPoint"",""coordinates"":[]}"
1_1_1_2_LT05_019031_20011110,278.40281917999994,2001-11-10,LANDSAT_5,"{""type"":""MultiPoint"",""coordinates"":[]}"
1_1_1_2_LT05_019031_20011126,233.06961991999998,2001-11-26,LANDSAT_5,"{""type"":""MultiPoint"",""coordinates"":[]}"
1_1_1_2_LT05_019031_20011228,257.39908628,2001-12-28,LANDSAT_5,"{""type"":""MultiPoint"",""coordinates"":[]}"
1_1_1_2_LT05_019031_20020214,274.07560586,2002-02-14,LANDSAT_5,"{""type"":""MultiPoint"",""coordinates"":[]}"
1_1_1_2_LT05_019031_20020302,258.31511564,2002-03-02,LANDSAT_5,"{""type"":""MultiPoint"",""coordinates"":[]}"
1_1_1_2_LT05_019031_20020505,277.44577358000004,2002-05-05,LANDSAT_5,"{""type"":""MultiPoint"",""coordinates"":[]}"
1_1_1_2_LT05_019031_20020521,281.88236354000003,2002-05-21,LANDSAT_5,"{""type"":""MultiPoint"",""coordinates"":[]}"
1_1_1_2_LT05_019031_20020622,284.76717242,2002-06-22,LANDSAT_5,"{""type"":""MultiPoint"",""coordinates"":[]}"
1_1_1_2_LT05_019031_20020708,285.44394037999996,2002-07-08,LANDSAT_5,"{""type"":""MultiPoint"",""coordinates"":[]}"
1_1_1_2_LT05_019031_20020724,209.30754488,2002-07-24,LANDSAT_5,"{""type"":""MultiPoint"",""coordinates"":[]}"
1_1_1_2_LT05_019031_20020809,296.28589982,2002-08-09,LANDSAT_5,"{""type"":""MultiPoint"",""coordinates"":[]}"
1_1_1_2_LT05_019031_20020825,297.50271494000003,2002-08-25,LANDSAT_5,"{""type"":""MultiPoint"",""coordinates"":[]}"
1_1_1_2_LT05_019031_20020910,298.44267044000003,2002-09-10,LANDSAT_5,"{""type"":""MultiPoint"",""coordinates"":[]}"
1_1_1_2_LT05_019031_20020926,276.1161637999999,2002-09-26,LANDSAT_5,"{""type"":""MultiPoint"",""coordinates"":[]}"
1_1_1_2_LT05_019031_20021028,264.16676588,2002-10-28,LANDSAT_5,"{""type"":""MultiPoint"",""coordinates"":[]}"
1_1_1_2_LT05_019031_20021113,271.2454853,2002-11-13,LANDSAT_5,"{""type"":""MultiPoint"",""coordinates"":[]}"
1_1_1_2_LT05_019031_20021129,243.43647457999998,2002-11-29,LANDSAT_5,"{""type"":""MultiPoint"",""coordinates"":[]}"
1_1_1_2_LT05_019031_20021215,263.44214564,2002-12-15,LANDSAT_5,"{""type"":""MultiPoint"",""coordinates"":[]}"
1_1_1_2_LT05_019031_20030406,264.55300214,2003-04-06,LANDSAT_5,"{""type"":""MultiPoint"",""coordinates"":[]}"
1_1_1_2_LT05_019031_20030524,254.86633346,2003-05-24,LANDSAT_5,"{""type"":""MultiPoint"",""coordinates"":[]}"
1_1_1_2_LT05_019031_20030609,284.82186074000003,2003-06-09,LANDSAT_5,"{""type"":""MultiPoint"",""coordinates"":[]}"
1_1_1_2_LT05_019031_20030625,291.74335124000004,2003-06-25,LANDSAT_5,"{""type"":""MultiPoint"",""coordinates"":[]}"
1_1_1_2_LT05_019031_20030711,272.8177745,2003-07-11,LANDSAT_5,"{""type"":""MultiPoint"",""coordinates"":[]}"
1_1_1_2_LT05_019031_20030727,269.0750426,2003-07-27,LANDSAT_5,"{""type"":""MultiPoint"",""coordinates"":[]}"
1_1_1_2_LT05_019031_20030812,290.03434124,2003-08-12,LANDSAT_5,"{""type"":""MultiPoint"",""coordinates"":[]}"
1_1_1_2_LT05_019031_20030913,295.07592074,2003-09-13,LANDSAT_5,"{""type"":""MultiPoint"",""coordinates"":[]}"
1_1_1_2_LT05_019031_20030929,272.16151465999997,2003-09-29,LANDSAT_5,"{""type"":""MultiPoint"",""coordinates"":[]}"
1_1_1_2_LT05_019031_20031015,288.59877284000004,2003-10-15,LANDSAT_5,"{""type"":""MultiPoint"",""coordinates"":[]}"
1_1_1_2_LT05_019031_20031202,254.62707206,2003-12-02,LANDSAT_5,"{""type"":""MultiPoint"",""coordinates"":[]}"
1_1_1_2_LT05_019031_20031218,267.06866486,2003-12-18,LANDSAT_5,"{""type"":""MultiPoint"",""coordinates"":[]}"
1_1_1_2_LT05_019031_20040103,265.68436676,2004-01-03,LANDSAT_5,"{""type"":""MultiPoint"",""coordinates"":[]}"
1_1_1_2_LT05_019031_20040204,267.01739456,2004-02-04,LANDSAT_5,"{""type"":""MultiPoint"",""coordinates"":[]}"
1_1_1_2_LT05_019031_20040220,269.34506618,2004-02-20,LANDSAT_5,"{""type"":""MultiPoint"",""coordinates"":[]}"
1_1_1_2_LT05_019031_20040307,251.29792057999998,2004-03-07,LANDSAT_5,"{""type"":""MultiPoint"",""coordinates"":[]}"
1_1_1_2_LT05_019031_20040408,271.01989598,2004-04-08,LANDSAT_5,"{""type"":""MultiPoint"",""coordinates"":[]}"
1_1_1_2_LT05_019031_20040424,275.47699406,2004-04-24,LANDSAT_5,"{""type"":""MultiPoint"",""coordinates"":[]}"
1_1_1_2_LT05_019031_20040510,281.12014508,2004-05-10,LANDSAT_5,"{""type"":""MultiPoint"",""coordinates"":[]}"
1_1_1_2_LT05_019031_20040526,271.91199919999997,2004-05-26,LANDSAT_5,"{""type"":""MultiPoint"",""coordinates"":[]}"
1_1_1_2_LT05_019031_20040627,290.59831454,2004-06-27,LANDSAT_5,"{""type"":""MultiPoint"",""coordinates"":[]}"
1_1_1_2_LT05_019031_20040713,294.71702863999997,2004-07-13,LANDSAT_5,"{""type"":""MultiPoint"",""coordinates"":[]}"
1_1_1_2_LT05_019031_20040729,291.92450629999996,2004-07-29,LANDSAT_5,"{""type"":""MultiPoint"",""coordinates"":[]}"
1_1_1_2_LT05_019031_20040814,287.75452189999993,2004-08-14,LANDSAT_5,"{""type"":""MultiPoint"",""coordinates"":[]}"
1_1_1_2_LT05_019031_20040830,260.15742842,2004-08-30,LANDSAT_5,"{""type"":""MultiPoint"",""coordinates"":[]}"
1_1_1_2_LT05_019031_20040915,293.07296102,2004-09-15,LANDSAT_5,"{""type"":""MultiPoint"",""coordinates"":[]}"
1_1_1_2_LT05_019031_20041001,291.75702332000003,2004-10-01,LANDSAT_5,"{""type"":""MultiPoint"",""coordinates"":[]}"
1_1_1_2_LT05_019031_20041204,262.6662551000002,2004-12-04,LANDSAT_5,"{""type"":""MultiPoint"",""coordinates"":[]}"
1_1_1_2_LT05_019031_20041220,258.49627069999997,2004-12-20,LANDSAT_5,"{""type"":""MultiPoint"",""coordinates"":[]}"
1_1_1_2_LT05_019031_20050121,270.58922545999997,2005-01-21,LANDSAT_5,"{""type"":""MultiPoint"",""coordinates"":[]}"
1_1_1_2_LT05_019031_20050206,270.40123436,2005-02-06,LANDSAT_5,"{""type"":""MultiPoint"",""coordinates"":[]}"
1_1_1_2_LT05_019031_20050310,271.2967556,2005-03-10,LANDSAT_5,"{""type"":""MultiPoint"",""coordinates"":[]}"
1_1_1_2_LT05_019031_20050326,272.22645704,2005-03-26,LANDSAT_5,"{""type"":""MultiPoint"",""coordinates"":[]}"
1_1_1_2_LT05_019031_20050411,273.34414958,2005-04-11,LANDSAT_5,"{""type"":""MultiPoint"",""coordinates"":[]}"
1_1_1_2_LT05_019031_20050427,275.56244456,2005-04-27,LANDSAT_5,"{""type"":""MultiPoint"",""coordinates"":[]}"
1_1_1_2_LT05_019031_20050513,266.7678791,2005-05-13,LANDSAT_5,"{""type"":""MultiPoint"",""coordinates"":[]}"
1_1_1_2_LT05_019031_20050529,285.24911324,2005-05-29,LANDSAT_5,"{""type"":""MultiPoint"",""coordinates"":[]}"
1_1_1_2_LT05_019031_20050614,293.45236123999996,2005-06-14,LANDSAT_5,"{""type"":""MultiPoint"",""coordinates"":[]}"
1_1_1_2_LT05_019031_20050630,297.97781971999996,2005-06-30,LANDSAT_5,"{""type"":""MultiPoint"",""coordinates"":[]}"
1_1_1_2_LT05_019031_20050716,235.57017396201132,2005-07-16,LANDSAT_5,"{""type"":""MultiPoint"",""coordinates"":[]}"
1_1_1_2_LT05_019031_20050801,298.81865264,2005-08-01,LANDSAT_5,"{""type"":""MultiPoint"",""coordinates"":[]}"
1_1_1_2_LT05_019031_20050817,299.65606754,2005-08-17,LANDSAT_5,"{""type"":""MultiPoint"",""coordinates"":[]}"
1_1_1_2_LT05_019031_20050902,296.0261303,2005-09-02,LANDSAT_5,"{""type"":""MultiPoint"",""coordinates"":[]}"
1_1_1_2_LT05_019031_20050918,296.15259704,2005-09-18,LANDSAT_5,"{""type"":""MultiPoint"",""coordinates"":[]}"
1_1_1_2_LT05_019031_20051004,294.86400349999997,2005-10-04,LANDSAT_5,"{""type"":""MultiPoint"",""coordinates"":[]}"
1_1_1_2_LT05_019031_20051020,290.6085686,2005-10-20,LANDSAT_5,"{""type"":""MultiPoint"",""coordinates"":[]}"
1_1_1_2_LT05_019031_20051105,272.5443329,2005-11-05,LANDSAT_5,"{""type"":""MultiPoint"",""coordinates"":[]}"
1_1_1_2_LT05_019031_20051121,272.70156182,2005-11-21,LANDSAT_5,"{""type"":""MultiPoint"",""coordinates"":[]}"
1_1_1_2_LT05_019031_20060209,270.73961834,2006-02-09,LANDSAT_5,"{""type"":""MultiPoint"",""coordinates"":[]}"
1_1_1_2_LT05_019031_20060225,273.87394268,2006-02-25,LANDSAT_5,"{""type"":""MultiPoint"",""coordinates"":[]}"
1_1_1_2_LT05_019031_20060414,257.51129321389857,2006-04-14,LANDSAT_5,"{""type"":""MultiPoint"",""coordinates"":[]}"
1_1_1_2_LT05_019031_20060430,252.51473570000002,2006-04-30,LANDSAT_5,"{""type"":""MultiPoint"",""coordinates"":[]}"
1_1_1_2_LT05_019031_20060617,286.64366540000003,2006-06-17,LANDSAT_5,"{""type"":""MultiPoint"",""coordinates"":[]}"
1_1_1_2_LT05_019031_20060703,207.58118185538464,2006-07-03,LANDSAT_5,"{""type"":""MultiPoint"",""coordinates"":[]}"
1_1_1_2_LT05_019031_20060719,296.00220416,2006-07-19,LANDSAT_5,"{""type"":""MultiPoint"",""coordinates"":[]}"
1_1_1_2_LT05_019031_20060804,298.07010626,2006-08-04,LANDSAT_5,"{""type"":""MultiPoint"",""coordinates"":[]}"
1_1_1_2_LT05_019031_20060905,212.39566718074275,2006-09-05,LANDSAT_5,"{""type"":""MultiPoint"",""coordinates"":[]}"
1_1_1_2_LT05_019031_20060921,292.35859484,2006-09-21,LANDSAT_5,"{""type"":""MultiPoint"",""coordinates"":[]}"
1_1_1_2_LT05_019031_20061007,289.20718039999997,2006-10-07,LANDSAT_5,"{""type"":""MultiPoint"",""coordinates"":[]}"
1_1_1_2_LT05_019031_20061023,256.22670542000003,2006-10-23,LANDSAT_5,"{""type"":""MultiPoint"",""coordinates"":[]}"
1_1_1_2_LT05_019031_20061124,280.70998268,2006-11-24,LANDSAT_5,"{""type"":""MultiPoint"",""coordinates"":[]}"
1_1_1_2_LT05_019031_20061210,278.48485166,2006-12-10,LANDSAT_5,"{""type"":""MultiPoint"",""coordinates"":[]}"
1_1_1_2_LT05_019031_20070228,256.75649852,2007-02-28,LANDSAT_5,"{""type"":""MultiPoint"",""coordinates"":[]}"
1_1_1_2_LT05_019031_20070316,227.6486402,2007-03-16,LANDSAT_5,"{""type"":""MultiPoint"",""coordinates"":[]}"
1_1_1_2_LT05_019031_20070401,188.78689611130847,2007-04-01,LANDSAT_5,"{""type"":""MultiPoint"",""coordinates"":[]}"
1_1_1_2_LT05_019031_20070503,276.99801296,2007-05-03,LANDSAT_5,"{""type"":""MultiPoint"",""coordinates"":[]}"
1_1_1_2_LT05_019031_20070519,264.46413362000004,2007-05-19,LANDSAT_5,"{""type"":""MultiPoint"",""coordinates"":[]}"
1_1_1_2_LT05_019031_20070620,291.36736903999997,2007-06-20,LANDSAT_5,"{""type"":""MultiPoint"",""coordinates"":[]}"
1_1_1_2_LT05_019031_20070706,293.66086046,2007-07-06,LANDSAT_5,"{""type"":""MultiPoint"",""coordinates"":[]}"
1_1_1_2_LT05_019031_20070722,293.77707313999997,2007-07-22,LANDSAT_5,"{""type"":""MultiPoint"",""coordinates"":[]}"
1_1_1_2_LT05_019031_20070823,150.00147986,2007-08-23,LANDSAT_5,"{""type"":""MultiPoint"",""coordinates"":[]}"
1_1_1_2_LT05_019031_20070908,291.55877816,2007-09-08,LANDSAT_5,"{""type"":""MultiPoint"",""coordinates"":[]}"
1_1_1_2_LT05_019031_20070924,293.73947492,2007-09-24,LANDSAT_5,"{""type"":""MultiPoint"",""coordinates"":[]}"
1_1_1_2_LT05_019031_20080302,250.23491636,2008-03-02,LANDSAT_5,"{""type"":""MultiPoint"",""coordinates"":[]}"
1_1_1_2_LT05_019031_20080403,269.42368064,2008-04-03,LANDSAT_5,"{""type"":""MultiPoint"",""coordinates"":[]}"
1_1_1_2_LT05_019031_20080419,274.01749952,2008-04-19,LANDSAT_5,"{""type"":""MultiPoint"",""coordinates"":[]}"
1_1_1_2_LT05_019031_20080505,278.70018691999996,2008-05-05,LANDSAT_5,"{""type"":""MultiPoint"",""coordinates"":[]}"
1_1_1_2_LT05_019031_20080521,279.45898736000004,2008-05-21,LANDSAT_5,"{""type"":""MultiPoint"",""coordinates"":[]}"
1_1_1_2_LT05_019031_20080606,285.70370990000004,2008-06-06,LANDSAT_5,"{""type"":""MultiPoint"",""coordinates"":[]}"
1_1_1_2_LT05_019031_20080622,290.60515058,2008-06-22,LANDSAT_5,"{""type"":""MultiPoint"",""coordinates"":[]}"
1_1_1_2_LT05_019031_20080708,295.58862374,2008-07-08,LANDSAT_5,"{""type"":""MultiPoint"",""coordinates"":[]}"
1_1_1_2_LT05_019031_20080724,297.4958789,2008-07-24,LANDSAT_5,"{""type"":""MultiPoint"",""coordinates"":[]}"
1_1_1_2_LT05_019031_20080809,297.51638702,2008-08-09,LANDSAT_5,"{""type"":""MultiPoint"",""coordinates"":[]}"
1_1_1_2_LT05_019031_20080825,295.70825444,2008-08-25,LANDSAT_5,"{""type"":""MultiPoint"",""coordinates"":[]}"
1_1_1_2_LT05_019031_20080910,277.03561118,2008-09-10,LANDSAT_5,"{""type"":""MultiPoint"",""coordinates"":[]}"
1_1_1_2_LT05_019031_20080926,260.86844393014775,2008-09-26,LANDSAT_5,"{""type"":""MultiPoint"",""coordinates"":[]}"
1_1_1_2_LT05_019031_20081012,290.56755236000004,2008-10-12,LANDSAT_5,"{""type"":""MultiPoint"",""coordinates"":[]}"
1_1_1_2_LT05_019031_20081028,275.18646235999995,2008-10-28,LANDSAT_5,"{""type"":""MultiPoint"",""coordinates"":[]}"
1_1_1_2_LT05_019031_20090116,258.60222931999994,2009-01-16,LANDSAT_5,"{""type"":""MultiPoint"",""coordinates"":[]}"
1_1_1_2_LT05_019031_20090201,272.03504792,2009-02-01,LANDSAT_5,"{""type"":""MultiPoint"",""coordinates"":[]}"
1_1_1_2_LT05_019031_20090217,269.5535654,2009-02-17,LANDSAT_5,"{""type"":""MultiPoint"",""coordinates"":[]}"
1_1_1_2_LT05_019031_20090305,272.43153824,2009-03-05,LANDSAT_5,"{""type"":""MultiPoint"",""coordinates"":[]}"
1_1_1_2_LT05_019031_20090321,256.44887672,2009-03-21,LANDSAT_5,"{""type"":""MultiPoint"",""coordinates"":[]}"
1_1_1_2_LT05_019031_20090422,264.42311738,2009-04-22,LANDSAT_5,"{""type"":""MultiPoint"",""coordinates"":[]}"
1_1_1_2_LT05_019031_20090508,237.75914336,2009-05-08,LANDSAT_5,"{""type"":""MultiPoint"",""coordinates"":[]}"
1_1_1_2_LT05_019031_20090524,232.37576186,2009-05-24,LANDSAT_5,"{""type"":""MultiPoint"",""coordinates"":[]}"
1_1_1_2_LT05_019031_20090609,286.7803862,2009-06-09,LANDSAT_5,"{""type"":""MultiPoint"",""coordinates"":[]}"
1_1_1_2_LT05_019031_20090625,292.01337481999997,2009-06-25,LANDSAT_5,"{""type"":""MultiPoint"",""coordinates"":[]}"
1_1_1_2_LT05_019031_20090711,243.61124309304105,2009-07-11,LANDSAT_5,"{""type"":""MultiPoint"",""coordinates"":[]}"
1_1_1_2_LT05_019031_20090727,294.17698148,2009-07-27,LANDSAT_5,"{""type"":""MultiPoint"",""coordinates"":[]}"
1_1_1_2_LT05_019031_20090812,288.80385404000003,2009-08-12,LANDSAT_5,"{""type"":""MultiPoint"",""coordinates"":[]}"
1_1_1_2_LT05_019031_20090828,240.3636746,2009-08-28,LANDSAT_5,"{""type"":""MultiPoint"",""coordinates"":[]}"
1_1_1_2_LT05_019031_20090913,294.76488092,2009-09-13,LANDSAT_5,"{""type"":""MultiPoint"",""coordinates"":[]}"
1_1_1_2_LT05_019031_20091202,266.56279789999996,2009-12-02,LANDSAT_5,"{""type"":""MultiPoint"",""coordinates"":[]}"
1_1_1_2_LT05_019031_20100204,268.16243126,2010-02-04,LANDSAT_5,"{""type"":""MultiPoint"",""coordinates"":[]}"
1_1_1_2_LT05_019031_20100220,271.194215,2010-02-20,LANDSAT_5,"{""type"":""MultiPoint"",""coordinates"":[]}"
1_1_1_2_LT05_019031_20100324,274.6976855,2010-03-24,LANDSAT_5,"{""type"":""MultiPoint"",""coordinates"":[]}"
1_1_1_2_LT05_019031_20100425,276.9151136544658,2010-04-25,LANDSAT_5,"{""type"":""MultiPoint"",""coordinates"":[]}"
1_1_1_2_LT05_019031_20100527,292.96358438,2010-05-27,LANDSAT_5,"{""type"":""MultiPoint"",""coordinates"":[]}"
1_1_1_2_LT05_019031_20100612,289.33364714,2010-06-12,LANDSAT_5,"{""type"":""MultiPoint"",""coordinates"":[]}"
1_1_1_2_LT05_019031_20100628,293.49337748,2010-06-28,LANDSAT_5,"{""type"":""MultiPoint"",""coordinates"":[]}"
1_1_1_2_LT05_019031_20100714,292.99092854,2010-07-14,LANDSAT_5,"{""type"":""MultiPoint"",""coordinates"":[]}"
1_1_1_2_LT05_019031_20100730,293.58566401999997,2010-07-30,LANDSAT_5,"{""type"":""MultiPoint"",""coordinates"":[]}"
1_1_1_2_LT05_019031_20100815,284.5842466818397,2010-08-15,LANDSAT_5,"{""type"":""MultiPoint"",""coordinates"":[]}"
1_1_1_2_LT05_019031_20100831,281.60885516742036,2010-08-31,LANDSAT_5,"{""type"":""MultiPoint"",""coordinates"":[]}"
1_1_1_2_LT05_019031_20101103,280.2314598799999,2010-11-03,LANDSAT_5,"{""type"":""MultiPoint"",""coordinates"":[]}"
1_1_1_2_LT05_019031_20101119,277.57565834,2010-11-19,LANDSAT_5,"{""type"":""MultiPoint"",""coordinates"":[]}"
1_1_1_2_LT05_019031_20110122,261.73313564,2011-01-22,LANDSAT_5,"{""type"":""MultiPoint"",""coordinates"":[]}"
1_1_1_2_LT05_019031_20110327,272.78017628,2011-03-27,LANDSAT_5,"{""type"":""MultiPoint"",""coordinates"":[]}"
1_1_1_2_LT05_019031_20110412,256.83511297999996,2011-04-12,LANDSAT_5,"{""type"":""MultiPoint"",""coordinates"":[]}"
1_1_1_2_LT05_019031_20110428,276.93990662,2011-04-28,LANDSAT_5,"{""type"":""MultiPoint"",""coordinates"":[]}"
1_1_1_2_LT05_019031_20110530,278.614659236619,2011-05-30,LANDSAT_5,"{""type"":""MultiPoint"",""coordinates"":[]}"
1_1_1_2_LT05_019031_20110615,276.13667192,2011-06-15,LANDSAT_5,"{""type"":""MultiPoint"",""coordinates"":[]}"
1_1_1_2_LT05_019031_20110701,293.14815746,2011-07-01,LANDSAT_5,"{""type"":""MultiPoint"",""coordinates"":[]}"
1_1_1_2_LT05_019031_20110717,296.28931783999997,2011-07-17,LANDSAT_5,"{""type"":""MultiPoint"",""coordinates"":[]}"
1_1_1_2_LT05_019031_20110802,281.55423362,2011-08-02,LANDSAT_5,"{""type"":""MultiPoint"",""coordinates"":[]}"
1_1_1_2_LT05_019031_20110818,295.39037858,2011-08-18,LANDSAT_5,"{""type"":""MultiPoint"",""coordinates"":[]}"
1_1_1_2_LT05_019031_20110903,298.23417122,2011-09-03,LANDSAT_5,"{""type"":""MultiPoint"",""coordinates"":[]}"
1_1_1_2_LT05_019031_20111005,287.5186785200001,2011-10-05,LANDSAT_5,"{""type"":""MultiPoint"",""coordinates"":[]}"
1_1_1_2_LT05_019031_20111106,285.67294772,2011-11-06,LANDSAT_5,"{""type"":""MultiPoint"",""coordinates"":[]}"
1_1_2_LE07_018031_19990701,228.54554528182518,1999-07-01,LANDSAT_7,"{""type"":""MultiPoint"",""coordinates"":[]}"
1_1_2_LE07_018031_19990717,296.7627030027818,1999-07-17,LANDSAT_7,"{""type"":""MultiPoint"",""coordinates"":[]}"
1_1_2_LE07_018031_19990802,290.63591276,1999-08-02,LANDSAT_7,"{""type"":""MultiPoint"",""coordinates"":[]}"
1_1_2_LE07_018031_19990903,297.24978145999995,1999-09-03,LANDSAT_7,"{""type"":""MultiPoint"",""coordinates"":[]}"
1_1_2_LE07_018031_19990919,293.50363153999984,1999-09-19,LANDSAT_7,"{""type"":""MultiPoint"",""coordinates"":[]}"
1_1_2_LE07_018031_19991005,290.97087872,1999-10-05,LANDSAT_7,"{""type"":""MultiPoint"",""coordinates"":[]}"
1_1_2_LE07_018031_19991021,275.99653309999997,1999-10-21,LANDSAT_7,"{""type"":""MultiPoint"",""coordinates"":[]}"
1_1_2_LE07_018031_19991106,261.37082552,1999-11-06,LANDSAT_7,"{""type"":""MultiPoint"",""coordinates"":[]}"
1_1_2_LE07_018031_19991122,283.96393772,1999-11-22,LANDSAT_7,"{""type"":""MultiPoint"",""coordinates"":[]}"
1_1_2_LE07_018031_19991208,281.19534152,1999-12-08,LANDSAT_7,"{""type"":""MultiPoint"",""coordinates"":[]}"
1_1_2_LE07_018031_19991224,276.0648935,1999-12-24,LANDSAT_7,"{""type"":""MultiPoint"",""coordinates"":[]}"
1_1_2_LE07_018031_20000125,263.82154585999996,2000-01-25,LANDSAT_7,"{""type"":""MultiPoint"",""coordinates"":[]}"
1_1_2_LE07_018031_20000210,222.69592921999998,2000-02-10,LANDSAT_7,"{""type"":""MultiPoint"",""coordinates"":[]}"
1_1_2_LE07_018031_20000226,252.7198169000001,2000-02-26,LANDSAT_7,"{""type"":""MultiPoint"",""coordinates"":[]}"
1_1_2_LE07_018031_20000313,259.51484066000006,2000-03-13,LANDSAT_7,"{""type"":""MultiPoint"",""coordinates"":[]}"
1_1_2_LE07_018031_20000414,268.89730556000023,2000-04-14,LANDSAT_7,"{""type"":""MultiPoint"",""coordinates"":[]}"
1_1_2_LE07_018031_20000430,280.04346877999996,2000-04-30,LANDSAT_7,"{""type"":""MultiPoint"",""coordinates"":[]}"
1_1_2_LE07_018031_20000516,250.18464133947396,2000-05-16,LANDSAT_7,"{""type"":""MultiPoint"",""coordinates"":[]}"
1_1_2_LE07_018031_20000601,285.1221478969612,2000-06-01,LANDSAT_7,"{""type"":""MultiPoint"",""coordinates"":[]}"
1_1_2_LE07_018031_20000804,295.16478926,2000-08-04,LANDSAT_7,"{""type"":""MultiPoint"",""coordinates"":[]}"
1_1_2_LE07_018031_20000820,294.76146290000037,2000-08-20,LANDSAT_7,"{""type"":""MultiPoint"",""coordinates"":[]}"
1_1_2_LE07_018031_20000905,283.44439867999995,2000-09-05,LANDSAT_7,"{""type"":""MultiPoint"",""coordinates"":[]}"
1_1_2_LE07_018031_20000921,270.8079787399999,2000-09-21,LANDSAT_7,"{""type"":""MultiPoint"",""coordinates"":[]}"
1_1_2_LE07_018031_20001007,282.89751548000004,2000-10-07,LANDSAT_7,"{""type"":""MultiPoint"",""coordinates"":[]}"
1_1_2_LE07_018031_20001023,253.77353299472483,2000-10-23,LANDSAT_7,"{""type"":""MultiPoint"",""coordinates"":[]}"
1_1_2_LE07_018031_20001108,220.20056797344034,2000-11-08,LANDSAT_7,"{""type"":""MultiPoint"",""coordinates"":[]}"
1_1_2_LE07_018031_20001124,280.99026032000006,2000-11-24,LANDSAT_7,"{""type"":""MultiPoint"",""coordinates"":[]}"
1_1_2_LE07_018031_20001226,260.46505022,2000-12-26,LANDSAT_7,"{""type"":""MultiPoint"",""coordinates"":[]}"
1_1_2_LE07_018031_20010111,266.1321273799998,2001-01-11,LANDSAT_7,"{""type"":""MultiPoint"",""coordinates"":[]}"
1_1_2_LE07_018031_20010212,260.6940575600001,2001-02-12,LANDSAT_7,"{""type"":""MultiPoint"",""coordinates"":[]}"
1_1_2_LE07_018031_20010228,272.34950576,2001-02-28,LANDSAT_7,"{""type"":""MultiPoint"",""coordinates"":[]}"
1_1_2_LE07_018031_20010401,265.91337409999994,2001-04-01,LANDSAT_7,"{""type"":""MultiPoint"",""coordinates"":[]}"
1_1_2_LE07_018031_20010503,281.90628967999965,2001-05-03,LANDSAT_7,"{""type"":""MultiPoint"",""coordinates"":[]}"
1_1_2_LE07_018031_20010519,276.71568984250746,2001-05-19,LANDSAT_7,"{""type"":""MultiPoint"",""coordinates"":[]}"
1_1_2_LE07_018031_20010604,268.35725839999975,2001-06-04,LANDSAT_7,"{""type"":""MultiPoint"",""coordinates"":[]}"
1_1_2_LE07_018031_20010620,253.64184621450792,2001-06-20,LANDSAT_7,"{""type"":""MultiPoint"",""coordinates"":[]}"
1_1_2_LE07_018031_20010706,292.8029374399999,2001-07-06,LANDSAT_7,"{""type"":""MultiPoint"",""coordinates"":[]}"
1_1_2_LE07_018031_20010722,297.8547709999999,2001-07-22,LANDSAT_7,"{""type"":""MultiPoint"",""coordinates"":[]}"
1_1_2_LE07_018031_20010807,299.59112516,2001-08-07,LANDSAT_7,"{""type"":""MultiPoint"",""coordinates"":[]}"
1_1_2_LE07_018031_20010908,257.5860200290045,2001-09-08,LANDSAT_7,"{""type"":""MultiPoint"",""coordinates"":[]}"
1_1_2_LE07_018031_20011111,263.19263017999987,2001-11-11,LANDSAT_7,"{""type"":""MultiPoint"",""coordinates"":[]}"
1_1_2_LE07_018031_20011229,277.35006902000015,2001-12-29,LANDSAT_7,"{""type"":""MultiPoint"",""coordinates"":[]}"
1_1_2_LE07_018031_20020215,258.45183643999997,2002-02-15,LANDSAT_7,"{""type"":""MultiPoint"",""coordinates"":[]}"
1_1_2_LE07_018031_20020319,236.12874782,2002-03-19,LANDSAT_7,"{""type"":""MultiPoint"",""coordinates"":[]}"
1_1_2_LE07_018031_20020404,274.9882172,2002-04-04,LANDSAT_7,"{""type"":""MultiPoint"",""coordinates"":[]}"
1_1_2_LE07_018031_20020506,221.63976104,2002-05-06,LANDSAT_7,"{""type"":""MultiPoint"",""coordinates"":[]}"
1_1_2_LE07_018031_20020522,281.8755275,2002-05-22,LANDSAT_7,"{""type"":""MultiPoint"",""coordinates"":[]}"
1_1_2_LE07_018031_20020607,285.71054594,2002-06-07,LANDSAT_7,"{""type"":""MultiPoint"",""coordinates"":[]}"
1_1_2_LE07_018031_20020623,293.98751955835615,2002-06-23,LANDSAT_7,"{""type"":""MultiPoint"",""coordinates"":[]}"
1_1_2_LE07_018031_20020725,282.29936197999996,2002-07-25,LANDSAT_7,"{""type"":""MultiPoint"",""coordinates"":[]}"
1_1_2_LE07_018031_20020810,296.62385552048994,2002-08-10,LANDSAT_7,"{""type"":""MultiPoint"",""coordinates"":[]}"
1_1_2_LE07_018031_20020826,271.7919479201611,2002-08-26,LANDSAT_7,"{""type"":""MultiPoint"",""coordinates"":[]}"
1_1_2_LE07_018031_20020911,295.98853207999974,2002-09-11,LANDSAT_7,"{""type"":""MultiPoint"",""coordinates"":[]}"
1_1_2_LE07_018031_20021114,275.7572716999999,2002-11-14,LANDSAT_7,"{""type"":""MultiPoint"",""coordinates"":[]}"
1_1_2_LE07_018031_20021216,276.43062164,2002-12-16,LANDSAT_7,"{""type"":""MultiPoint"",""coordinates"":[]}"
1_1_2_LE07_018031_20030117,272.02137584000013,2003-01-17,LANDSAT_7,"{""type"":""MultiPoint"",""coordinates"":[]}"
1_1_2_LE07_018031_20030423,275.83930418,2003-04-23,LANDSAT_7,"{""type"":""MultiPoint"",""coordinates"":[]}"
1_1_2_LE07_018031_20030509,272.8006578930466,2003-05-09,LANDSAT_7,"{""type"":""MultiPoint"",""coordinates"":[]}"
1_1_2_LE07_018031_20030525,283.77936464000015,2003-05-25,LANDSAT_7,"{""type"":""MultiPoint"",""coordinates"":[]}"
1_1_2_LE07_018031_20030728,216.86227000680077,2003-07-28,LANDSAT_7,"{""type"":""MultiPoint"",""coordinates"":[]}"
1_1_2_LE07_018031_20030813,296.80202083999995,2003-08-13,LANDSAT_7,"{""type"":""MultiPoint"",""coordinates"":[]}"
1_1_2_LE07_018031_20030829,150.00147986,2003-08-29,LANDSAT_7,"{""type"":""MultiPoint"",""coordinates"":[]}"
1_1_2_LE07_018031_20030930,262.4680099399998,2003-09-30,LANDSAT_7,"{""type"":""MultiPoint"",""coordinates"":[]}"
1_1_2_LE07_018031_20031016,276.44771174,2003-10-16,LANDSAT_7,"{""type"":""MultiPoint"",""coordinates"":[]}"
1_1_2_LE07_018031_20031203,279.99903452,2003-12-03,LANDSAT_7,"{""type"":""MultiPoint"",""coordinates"":[]}"
1_1_2_LE07_018031_20040120,272.47939052,2004-01-20,LANDSAT_7,"{""type"":""MultiPoint"",""coordinates"":[]}"
1_1_2_LE07_018031_20040409,275.01556136,2004-04-09,LANDSAT_7,"{""type"":""MultiPoint"",""coordinates"":[]}"
1_1_2_LE07_018031_20040511,278.89501406,2004-05-11,LANDSAT_7,"{""type"":""MultiPoint"",""coordinates"":[]}"
1_1_2_LE07_018031_20040527,285.43710434,2004-05-27,LANDSAT_7,"{""type"":""MultiPoint"",""coordinates"":[]}"
1_1_2_LE07_018031_20040612,227.7520852075991,2004-06-12,LANDSAT_7,"{""type"":""MultiPoint"",""coordinates"":[]}"
1_1_2_LE07_018031_20040714,259.29266936000005,2004-07-14,LANDSAT_7,"{""type"":""MultiPoint"",""coordinates"":[]}"
1_1_2_LE07_018031_20040815,294.61448803999997,2004-08-15,LANDSAT_7,"{""type"":""MultiPoint"",""coordinates"":[]}"
1_1_2_LE07_018031_20040831,294.84007736,2004-08-31,LANDSAT_7,"{""type"":""MultiPoint"",""coordinates"":[]}"
1_1_2_LE07_018031_20040916,247.618405520436,2004-09-16,LANDSAT_7,"{""type"":""MultiPoint"",""coordinates"":[]}"
1_1_2_LE07_018031_20041103,274.2157446800001,2004-11-03,LANDSAT_7,"{""type"":""MultiPoint"",""coordinates"":[]}"
1_1_2_LE07_018031_20041221,271.42664035999996,2004-12-21,LANDSAT_7,"{""type"":""MultiPoint"",""coordinates"":[]}"
1_1_2_LE07_018031_20050327,234.97003904000002,2005-03-27,LANDSAT_7,"{""type"":""MultiPoint"",""coordinates"":[]}"
1_1_2_LE07_018031_20050412,268.23899386064727,2005-04-12,LANDSAT_7,"{""type"":""MultiPoint"",""coordinates"":[]}"
1_1_2_LE07_018031_20050428,277.81833775999996,2005-04-28,LANDSAT_7,"{""type"":""MultiPoint"",""coordinates"":[]}"
1_1_2_LE07_018031_20050514,247.36036153999999,2005-05-14,LANDSAT_7,"{""type"":""MultiPoint"",""coordinates"":[]}"
1_1_2_LE07_018031_20050530,285.3482358200003,2005-05-30,LANDSAT_7,"{""type"":""MultiPoint"",""coordinates"":[]}"
1_1_2_LE07_018031_20050615,275.99995112,2005-06-15,LANDSAT_7,"{""type"":""MultiPoint"",""coordinates"":[]}"
1_1_2_LE07_018031_20050701,259.43280818,2005-07-01,LANDSAT_7,"{""type"":""MultiPoint"",""coordinates"":[]}"
1_1_2_LE07_018031_20050717,150.00147986,2005-07-17,LANDSAT_7,"{""type"":""MultiPoint"",""coordinates"":[]}"
1_1_2_LE07_018031_20050802,298.45976054000016,2005-08-02,LANDSAT_7,"{""type"":""MultiPoint"",""coordinates"":[]}"
1_1_2_LE07_018031_20050818,245.0791532321265,2005-08-18,LANDSAT_7,"{""type"":""MultiPoint"",""coordinates"":[]}"
1_1_2_LE07_018031_20050903,296.65504597999995,2005-09-03,LANDSAT_7,"{""type"":""MultiPoint"",""coordinates"":[]}"
1_1_2_LE07_018031_20050919,203.60727347433883,2005-09-19,LANDSAT_7,"{""type"":""MultiPoint"",""coordinates"":[]}"
1_1_2_LE07_018031_20051021,288.76625581999997,2005-10-21,LANDSAT_7,"{""type"":""MultiPoint"",""coordinates"":[]}"
1_1_2_LE07_018031_20051106,150.00147986,2005-11-06,LANDSAT_7,"{""type"":""MultiPoint"",""coordinates"":[]}"
1_1_2_LE07_018031_20051122,260.21211674,2005-11-22,LANDSAT_7,"{""type"":""MultiPoint"",""coordinates"":[]}"
1_1_2_LE07_018031_20051208,277.56882229999997,2005-12-08,LANDSAT_7,"{""type"":""MultiPoint"",""coordinates"":[]}"
1_1_2_LE07_018031_20051224,259.8292985000003,2005-12-24,LANDSAT_7,"{""type"":""MultiPoint"",""coordinates"":[]}"
1_1_2_LE07_018031_20060210,263.6916611,2006-02-10,LANDSAT_7,"{""type"":""MultiPoint"",""coordinates"":[]}"
1_1_2_LE07_018031_20060226,272.4212841799999,2006-02-26,LANDSAT_7,"{""type"":""MultiPoint"",""coordinates"":[]}"
1_1_2_LE07_018031_20060330,272.02821188,2006-03-30,LANDSAT_7,"{""type"":""MultiPoint"",""coordinates"":[]}"
1_1_2_LE07_018031_20060415,272.4417923000001,2006-04-15,LANDSAT_7,"{""type"":""MultiPoint"",""coordinates"":[]}"
1_1_2_LE07_018031_20060501,275.58978872,2006-05-01,LANDSAT_7,"{""type"":""MultiPoint"",""coordinates"":[]}"
1_1_2_LE07_018031_20060618,289.0191893,2006-06-18,LANDSAT_7,"{""type"":""MultiPoint"",""coordinates"":[]}"
1_1_2_LE07_018031_20060720,150.00147986,2006-07-20,LANDSAT_7,"{""type"":""MultiPoint"",""coordinates"":[]}"
1_1_2_LE07_018031_20060805,298.8313833563584,2006-08-05,LANDSAT_7,"{""type"":""MultiPoint"",""coordinates"":[]}"
1_1_2_LE07_018031_20060821,296.95241372,2006-08-21,LANDSAT_7,"{""type"":""MultiPoint"",""coordinates"":[]}"
1_1_2_LE07_018031_20060906,291.91767026,2006-09-06,LANDSAT_7,"{""type"":""MultiPoint"",""coordinates"":[]}"
1_1_2_LE07_018031_20060922,185.07994431502195,2006-09-22,LANDSAT_7,"{""type"":""MultiPoint"",""coordinates"":[]}"
1_1_2_LE07_018031_20061008,289.58999864,2006-10-08,LANDSAT_7,"{""type"":""MultiPoint"",""coordinates"":[]}"
1_1_2_LE07_018031_20061109,267.22247576,2006-11-09,LANDSAT_7,"{""type"":""MultiPoint"",""coordinates"":[]}"
1_1_2_LE07_018031_20061125,275.3812894999998,2006-11-25,LANDSAT_7,"{""type"":""MultiPoint"",""coordinates"":[]}"
1_1_2_LE07_018031_20070317,269.78257274,2007-03-17,LANDSAT_7,"{""type"":""MultiPoint"",""coordinates"":[]}"
1_1_2_LE07_018031_20070402,273.4501082,2007-04-02,LANDSAT_7,"{""type"":""MultiPoint"",""coordinates"":[]}"
1_1_2_LE07_018031_20070504,276.98092285999996,2007-05-04,LANDSAT_7,"{""type"":""MultiPoint"",""coordinates"":[]}"
1_1_2_LE07_018031_20070520,280.41945097999997,2007-05-20,LANDSAT_7,"{""type"":""MultiPoint"",""coordinates"":[]}"
1_1_2_LE07_018031_20070621,256.45711813878177,2007-06-21,LANDSAT_7,"{""type"":""MultiPoint"",""coordinates"":[]}"
1_1_2_LE07_018031_20070707,293.98557236,2007-07-07,LANDSAT_7,"{""type"":""MultiPoint"",""coordinates"":[]}"
1_1_2_LE07_018031_20070723,280.5971880199999,2007-07-23,LANDSAT_7,"{""type"":""MultiPoint"",""coordinates"":[]}"
1_1_2_LE07_018031_20070808,295.4392933315782,2007-08-08,LANDSAT_7,"{""type"":""MultiPoint"",""coordinates"":[]}"
1_1_2_LE07_018031_20070824,288.1136420563652,2007-08-24,LANDSAT_7,"{""type"":""MultiPoint"",""coordinates"":[]}"
1_1_2_LE07_018031_20070925,275.91450062,2007-09-25,LANDSAT_7,"{""type"":""MultiPoint"",""coordinates"":[]}"
1_1_2_LE07_018031_20071027,262.85082818,2007-10-27,LANDSAT_7,"{""type"":""MultiPoint"",""coordinates"":[]}"
1_1_2_LE07_018031_20071128,276.46480184,2007-11-28,LANDSAT_7,"{""type"":""MultiPoint"",""coordinates"":[]}"
1_1_2_LE07_018031_20080115,274.14054824,2008-01-15,LANDSAT_7,"{""type"":""MultiPoint"",""coordinates"":[]}"
1_1_2_LE07_018031_20080131,270.26109554,2008-01-31,LANDSAT_7,"{""type"":""MultiPoint"",""coordinates"":[]}"
1_1_2_LE07_018031_20080216,267.8445554,2008-02-16,LANDSAT_7,"{""type"":""MultiPoint"",""coordinates"":[]}"
1_1_2_LE07_018031_20080303,269.32114004,2008-03-03,LANDSAT_7,"{""type"":""MultiPoint"",""coordinates"":[]}"
1_1_2_LE07_018031_20080420,277.30905278,2008-04-20,LANDSAT_7,"{""type"":""MultiPoint"",""coordinates"":[]}"
1_1_2_LE07_018031_20080506,279.226562,2008-05-06,LANDSAT_7,"{""type"":""MultiPoint"",""coordinates"":[]}"
1_1_2_LE07_018031_20080607,240.31924034,2008-06-07,LANDSAT_7,"{""type"":""MultiPoint"",""coordinates"":[]}"
1_1_2_LE07_018031_20080623,290.81023178,2008-06-23,LANDSAT_7,"{""type"":""MultiPoint"",""coordinates"":[]}"
1_1_2_LE07_018031_20080709,274.99505324,2008-07-09,LANDSAT_7,"{""type"":""MultiPoint"",""coordinates"":[]}"
1_1_2_LE07_018031_20080725,287.09644697351723,2008-07-25,LANDSAT_7,"{""type"":""MultiPoint"",""coordinates"":[]}"
1_1_2_LE07_018031_20080810,278.75145722,2008-08-10,LANDSAT_7,"{""type"":""MultiPoint"",""coordinates"":[]}"
1_1_2_LE07_018031_20080826,288.01770944,2008-08-26,LANDSAT_7,"{""type"":""MultiPoint"",""coordinates"":[]}"
1_1_2_LE07_018031_20080911,285.45761245999995,2008-09-11,LANDSAT_7,"{""type"":""MultiPoint"",""coordinates"":[]}"
1_1_2_LE07_018031_20081013,272.2982354599999,2008-10-13,LANDSAT_7,"{""type"":""MultiPoint"",""coordinates"":[]}"
1_1_2_LE07_018031_20081029,258.6671717,2008-10-29,LANDSAT_7,"{""type"":""MultiPoint"",""coordinates"":[]}"
1_1_2_LE07_018031_20081114,274.22941676,2008-11-14,LANDSAT_7,"{""type"":""MultiPoint"",""coordinates"":[]}"
1_1_2_LE07_018031_20090101,256.55483534,2009-01-01,LANDSAT_7,"{""type"":""MultiPoint"",""coordinates"":[]}"
1_1_2_LE07_018031_20090202,270.31920188,2009-02-02,LANDSAT_7,"{""type"":""MultiPoint"",""coordinates"":[]}"
1_1_2_LE07_018031_20090306,276.75191552,2009-03-06,LANDSAT_7,"{""type"":""MultiPoint"",""coordinates"":[]}"
1_1_2_LE07_018031_20090322,262.53295232,2009-03-22,LANDSAT_7,"{""type"":""MultiPoint"",""coordinates"":[]}"
1_1_2_LE07_018031_20090423,277.28854465999996,2009-04-23,LANDSAT_7,"{""type"":""MultiPoint"",""coordinates"":[]}"
1_1_2_LE07_018031_20090509,281.3115542,2009-05-09,LANDSAT_7,"{""type"":""MultiPoint"",""coordinates"":[]}"
1_1_2_LE07_018031_20090525,280.2451319600001,2009-05-25,LANDSAT_7,"{""type"":""MultiPoint"",""coordinates"":[]}"
1_1_2_LE07_018031_20090610,213.31346431999998,2009-06-10,LANDSAT_7,"{""type"":""MultiPoint"",""coordinates"":[]}"
1_1_2_LE07_018031_20090626,293.31905846,2009-06-26,LANDSAT_7,"{""type"":""MultiPoint"",""coordinates"":[]}"
1_1_2_LE07_018031_20090712,294.09153098,2009-07-12,LANDSAT_7,"{""type"":""MultiPoint"",""coordinates"":[]}"
1_1_2_LE07_018031_20090728,150.00147986,2009-07-28,LANDSAT_7,"{""type"":""MultiPoint"",""coordinates"":[]}"
1_1_2_LE07_018031_20090813,298.26835142,2009-08-13,LANDSAT_7,"{""type"":""MultiPoint"",""coordinates"":[]}"
1_1_2_LE07_018031_20090829,293.13106736,2009-08-29,LANDSAT_7,"{""type"":""MultiPoint"",""coordinates"":[]}"
1_1_2_LE07_018031_20090914,294.86742152,2009-09-14,LANDSAT_7,"{""type"":""MultiPoint"",""coordinates"":[]}"
1_1_2_LE07_018031_20091101,266.39189690000006,2009-11-01,LANDSAT_7,"{""type"":""MultiPoint"",""coordinates"":[]}"
1_1_2_LE07_018031_20091117,284.4219524,2009-11-17,LANDSAT_7,"{""type"":""MultiPoint"",""coordinates"":[]}"
1_1_2_LE07_018031_20100120,273.08096204000003,2010-01-20,LANDSAT_7,"{""type"":""MultiPoint"",""coordinates"":[]}"
1_1_2_LE07_018031_20100221,269.97739988,2010-02-21,LANDSAT_7,"{""type"":""MultiPoint"",""coordinates"":[]}"
1_1_2_LE07_018031_20100309,270.40465238,2010-03-09,LANDSAT_7,"{""type"":""MultiPoint"",""coordinates"":[]}"
1_1_2_LE07_018031_20100410,277.14498782,2010-04-10,LANDSAT_7,"{""type"":""MultiPoint"",""coordinates"":[]}"
1_1_2_LE07_018031_20100528,292.08515323999995,2010-05-28,LANDSAT_7,"{""type"":""MultiPoint"",""coordinates"":[]}"
1_1_2_LE07_018031_20100629,293.5036315399998,2010-06-29,LANDSAT_7,"{""type"":""MultiPoint"",""coordinates"":[]}"
1_1_2_LE07_018031_20100715,284.18390121210746,2010-07-15,LANDSAT_7,"{""type"":""MultiPoint"",""coordinates"":[]}"
1_1_2_LE07_018031_20100731,225.15771013434406,2010-07-31,LANDSAT_7,"{""type"":""MultiPoint"",""coordinates"":[]}"
1_1_2_LE07_018031_20100816,298.51786688,2010-08-16,LANDSAT_7,"{""type"":""MultiPoint"",""coordinates"":[]}"
1_1_2_LE07_018031_20100901,296.90114342000004,2010-09-01,LANDSAT_7,"{""type"":""MultiPoint"",""coordinates"":[]}"
1_1_2_LE07_018031_20101104,245.68553174000013,2010-11-04,LANDSAT_7,"{""type"":""MultiPoint"",""coordinates"":[]}"
1_1_2_LE07_018031_20101120,276.52632619999997,2010-11-20,LANDSAT_7,"{""type"":""MultiPoint"",""coordinates"":[]}"
1_1_2_LE07_018031_20110107,249.62309078,2011-01-07,LANDSAT_7,"{""type"":""MultiPoint"",""coordinates"":[]}"
1_1_2_LE07_018031_20110123,265.12722950000017,2011-01-23,LANDSAT_7,"{""type"":""MultiPoint"",""coordinates"":[]}"
1_1_2_LE07_018031_20110208,260.18477257999996,2011-02-08,LANDSAT_7,"{""type"":""MultiPoint"",""coordinates"":[]}"
1_1_2_LE07_018031_20110312,266.5730519600001,2011-03-12,LANDSAT_7,"{""type"":""MultiPoint"",""coordinates"":[]}"
1_1_2_LE07_018031_20110328,273.02627372,2011-03-28,LANDSAT_7,"{""type"":""MultiPoint"",""coordinates"":[]}"
1_1_2_LE07_018031_20110413,273.3851658200001,2011-04-13,LANDSAT_7,"{""type"":""MultiPoint"",""coordinates"":[]}"
1_1_2_LE07_018031_20110531,287.74768586,2011-05-31,LANDSAT_7,"{""type"":""MultiPoint"",""coordinates"":[]}"
1_1_2_LE07_018031_20110702,150.00147986,2011-07-02,LANDSAT_7,"{""type"":""MultiPoint"",""coordinates"":[]}"
1_1_2_LE07_018031_20110718,192.94206512,2011-07-18,LANDSAT_7,"{""type"":""MultiPoint"",""coordinates"":[]}"
1_1_2_LE07_018031_20110819,298.91777522,2011-08-19,LANDSAT_7,"{""type"":""MultiPoint"",""coordinates"":[]}"
1_1_2_LE07_018031_20110904,262.9257493794421,2011-09-04,LANDSAT_7,"{""type"":""MultiPoint"",""coordinates"":[]}"
1_1_2_LE07_018031_20110920,290.97087872,2011-09-20,LANDSAT_7,"{""type"":""MultiPoint"",""coordinates"":[]}"
1_1_2_LE07_018031_20111006,289.68912122,2011-10-06,LANDSAT_7,"{""type"":""MultiPoint"",""coordinates"":[]}"
1_1_2_LE07_018031_20111022,272.11366238,2011-10-22,LANDSAT_7,"{""type"":""MultiPoint"",""coordinates"":[]}"
1_1_2_LE07_018031_20111107,264.6657968,2011-11-07,LANDSAT_7,"{""type"":""MultiPoint"",""coordinates"":[]}"
1_1_2_LE07_018031_20111209,252.8428656199998,2011-12-09,LANDSAT_7,"{""type"":""MultiPoint"",""coordinates"":[]}"
1_1_2_LE07_018031_20111225,249.77348366,2011-12-25,LANDSAT_7,"{""type"":""MultiPoint"",""coordinates"":[]}"
1_1_2_LE07_018031_20120110,270.01158008000004,2012-01-10,LANDSAT_7,"{""type"":""MultiPoint"",""coordinates"":[]}"
1_1_2_LE07_018031_20120227,274.00040942,2012-02-27,LANDSAT_7,"{""type"":""MultiPoint"",""coordinates"":[]}"
1_1_2_LE07_018031_20120314,275.808542,2012-03-14,LANDSAT_7,"{""type"":""MultiPoint"",""coordinates"":[]}"
1_1_2_LE07_018031_20120330,247.10204204237598,2012-03-30,LANDSAT_7,"{""type"":""MultiPoint"",""coordinates"":[]}"
1_1_2_LE07_018031_20120415,185.93170609999999,2012-04-15,LANDSAT_7,"{""type"":""MultiPoint"",""coordinates"":[]}"
1_1_2_LE07_018031_20120517,280.92189992,2012-05-17,LANDSAT_7,"{""type"":""MultiPoint"",""coordinates"":[]}"
1_1_2_LE07_018031_20120602,287.19396661999997,2012-06-02,LANDSAT_7,"{""type"":""MultiPoint"",""coordinates"":[]}"
1_1_2_LE07_018031_20120618,279.4272962736254,2012-06-18,LANDSAT_7,"{""type"":""MultiPoint"",""coordinates"":[]}"
1_1_2_LE07_018031_20120704,290.9849510870547,2012-07-04,LANDSAT_7,"{""type"":""MultiPoint"",""coordinates"":[]}"
1_1_2_LE07_018031_20120821,262.27660082,2012-08-21,LANDSAT_7,"{""type"":""MultiPoint"",""coordinates"":[]}"
1_1_2_LE07_018031_20120906,296.99684798,2012-09-06,LANDSAT_7,"{""type"":""MultiPoint"",""coordinates"":[]}"
1_1_2_LE07_018031_20120922,293.15157548,2012-09-22,LANDSAT_7,"{""type"":""MultiPoint"",""coordinates"":[]}"
1_1_2_LE07_018031_20121024,286.0730878333383,2012-10-24,LANDSAT_7,"{""type"":""MultiPoint"",""coordinates"":[]}"
1_1_2_LE07_018031_20121109,269.93980166000017,2012-11-09,LANDSAT_7,"{""type"":""MultiPoint"",""coordinates"":[]}"
1_1_2_LE07_018031_20121125,259.44648026,2012-11-25,LANDSAT_7,"{""type"":""MultiPoint"",""coordinates"":[]}"
1_1_2_LE07_018031_20121211,279.30517646000015,2012-12-11,LANDSAT_7,"{""type"":""MultiPoint"",""coordinates"":[]}"
1_1_2_LE07_018031_20130112,218.59430522,2013-01-12,LANDSAT_7,"{""type"":""MultiPoint"",""coordinates"":[]}"
1_1_2_LE07_018031_20130213,266.38847888,2013-02-13,LANDSAT_7,"{""type"":""MultiPoint"",""coordinates"":[]}"
1_1_2_LE07_018031_20130317,254.06309876,2013-03-17,LANDSAT_7,"{""type"":""MultiPoint"",""coordinates"":[]}"
1_1_2_LE07_018031_20130402,273.47061632,2013-04-02,LANDSAT_7,"{""type"":""MultiPoint"",""coordinates"":[]}"
1_1_2_LE07_018031_20130418,261.90061862,2013-04-18,LANDSAT_7,"{""type"":""MultiPoint"",""coordinates"":[]}"
1_1_2_LE07_018031_20130504,268.92464972,2013-05-04,LANDSAT_7,"{""type"":""MultiPoint"",""coordinates"":[]}"
1_1_2_LE07_018031_20130520,276.38276935999994,2013-05-20,LANDSAT_7,"{""type"":""MultiPoint"",""coordinates"":[]}"
1_1_2_LE07_018031_20130605,285.22518709999997,2013-06-05,LANDSAT_7,"{""type"":""MultiPoint"",""coordinates"":[]}"
1_1_2_LE07_018031_20130621,286.84191056,2013-06-21,LANDSAT_7,"{""type"":""MultiPoint"",""coordinates"":[]}"
1_1_2_LE07_018031_20130723,150.00147986,2013-07-23,LANDSAT_7,"{""type"":""MultiPoint"",""coordinates"":[]}"
1_1_2_LE07_018031_20130824,295.6843283,2013-08-24,LANDSAT_7,"{""type"":""MultiPoint"",""coordinates"":[]}"
1_1_2_LE07_018031_20130909,252.84306929337282,2013-09-09,LANDSAT_7,"{""type"":""MultiPoint"",""coordinates"":[]}"
1_1_2_LE07_018031_20130925,292.20820196,2013-09-25,LANDSAT_7,"{""type"":""MultiPoint"",""coordinates"":[]}"
1_1_2_LE07_018031_20131011,291.7536053,2013-10-11,LANDSAT_7,"{""type"":""MultiPoint"",""coordinates"":[]}"
1_1_2_LE07_018031_20131112,264.016373,2013-11-12,LANDSAT_7,"{""type"":""MultiPoint"",""coordinates"":[]}"
1_1_2_LE07_018031_20131128,258.71502398,2013-11-28,LANDSAT_7,"{""type"":""MultiPoint"",""coordinates"":[]}"
1_1_2_LE07_018031_20140115,258.5304509,2014-01-15,LANDSAT_7,"{""type"":""MultiPoint"",""coordinates"":[]}"
1_1_2_LE07_018031_20140304,239.7655211,2014-03-04,LANDSAT_7,"{""type"":""MultiPoint"",""coordinates"":[]}"
1_1_2_LE07_018031_20140421,273.16299452,2014-04-21,LANDSAT_7,"{""type"":""MultiPoint"",""coordinates"":[]}"
1_1_2_LE07_018031_20140507,243.86714510000002,2014-05-07,LANDSAT_7,"{""type"":""MultiPoint"",""coordinates"":[]}"
1_1_2_LE07_018031_20140523,273.074126,2014-05-23,LANDSAT_7,"{""type"":""MultiPoint"",""coordinates"":[]}"
1_1_2_LE07_018031_20140624,260.87863064,2014-06-24,LANDSAT_7,"{""type"":""MultiPoint"",""coordinates"":[]}"
1_1_2_LE07_018031_20140710,270.20783428272813,2014-07-10,LANDSAT_7,"{""type"":""MultiPoint"",""coordinates"":[]}"
1_1_2_LE07_018031_20140726,293.32589449999995,2014-07-26,LANDSAT_7,"{""type"":""MultiPoint"",""coordinates"":[]}"
1_1_2_LE07_018031_20140811,150.00147986,2014-08-11,LANDSAT_7,"{""type"":""MultiPoint"",""coordinates"":[]}"
1_1_2_LE07_018031_20140827,290.4718478,2014-08-27,LANDSAT_7,"{""type"":""MultiPoint"",""coordinates"":[]}"
1_1_2_LE07_018031_20141014,210.05197847377832,2014-10-14,LANDSAT_7,"{""type"":""MultiPoint"",""coordinates"":[]}"
1_1_2_LE07_018031_20141115,257.88444512000007,2014-11-15,LANDSAT_7,"{""type"":""MultiPoint"",""coordinates"":[]}"
1_1_2_LE07_018031_20150102,269.69712224,2015-01-02,LANDSAT_7,"{""type"":""MultiPoint"",""coordinates"":[]}"
1_1_2_LE07_018031_20150118,255.91224758,2015-01-18,LANDSAT_7,"{""type"":""MultiPoint"",""coordinates"":[]}"
1_1_2_LE07_018031_20150203,261.8527663400003,2015-02-03,LANDSAT_7,"{""type"":""MultiPoint"",""coordinates"":[]}"
1_1_2_LE07_018031_20150219,256.03187828,2015-02-19,LANDSAT_7,"{""type"":""MultiPoint"",""coordinates"":[]}"
1_1_2_LE07_018031_20150307,259.88740483999993,2015-03-07,LANDSAT_7,"{""type"":""MultiPoint"",""coordinates"":[]}"
1_1_2_LE07_018031_20150323,267.03448466,2015-03-23,LANDSAT_7,"{""type"":""MultiPoint"",""coordinates"":[]}"
1_1_2_LE07_018031_20150424,274.79339006,2015-04-24,LANDSAT_7,"{""type"":""MultiPoint"",""coordinates"":[]}"
1_1_2_LE07_018031_20150510,284.11774862,2015-05-10,LANDSAT_7,"{""type"":""MultiPoint"",""coordinates"":[]}"
1_1_2_LE07_018031_20150611,255.82679708,2015-06-11,LANDSAT_7,"{""type"":""MultiPoint"",""coordinates"":[]}"
1_1_2_LE07_018031_20150713,271.73426216,2015-07-13,LANDSAT_7,"{""type"":""MultiPoint"",""coordinates"":[]}"
1_1_2_LE07_018031_20150729,282.94194974,2015-07-29,LANDSAT_7,"{""type"":""MultiPoint"",""coordinates"":[]}"
1_1_2_LE07_018031_20150814,245.02200860749997,2015-08-14,LANDSAT_7,"{""type"":""MultiPoint"",""coordinates"":[]}"
1_1_2_LE07_018031_20150830,295.34594432,2015-08-30,LANDSAT_7,"{""type"":""MultiPoint"",""coordinates"":[]}"
1_1_2_LE07_018031_20150915,293.8522695800001,2015-09-15,LANDSAT_7,"{""type"":""MultiPoint"",""coordinates"":[]}"
1_1_2_LE07_018031_20151001,274.08585991999996,2015-10-01,LANDSAT_7,"{""type"":""MultiPoint"",""coordinates"":[]}"
1_1_2_LE07_018031_20151017,288.60219085999984,2015-10-17,LANDSAT_7,"{""type"":""MultiPoint"",""coordinates"":[]}"
1_1_2_LE07_018031_20151102,286.58214104,2015-11-02,LANDSAT_7,"{""type"":""MultiPoint"",""coordinates"":[]}"
1_1_2_LE07_018031_20151118,251.6602307,2015-11-18,LANDSAT_7,"{""type"":""MultiPoint"",""coordinates"":[]}"
1_1_2_LE07_018031_20151204,268.97592002,2015-12-04,LANDSAT_7,"{""type"":""MultiPoint"",""coordinates"":[]}"
1_1_2_LE07_018031_20151220,257.67936392,2015-12-20,LANDSAT_7,"{""type"":""MultiPoint"",""coordinates"":[]}"
1_1_2_LE07_018031_20160105,264.86745998,2016-01-05,LANDSAT_7,"{""type"":""MultiPoint"",""coordinates"":[]}"
1_1_2_LE07_018031_20160121,257.76823244,2016-01-21,LANDSAT_7,"{""type"":""MultiPoint"",""coordinates"":[]}"
1_1_2_LE07_018031_20160206,274.02775357999997,2016-02-06,LANDSAT_7,"{""type"":""MultiPoint"",""coordinates"":[]}"
1_1_2_LE07_018031_20160222,262.59105866,2016-02-22,LANDSAT_7,"{""type"":""MultiPoint"",""coordinates"":[]}"
1_1_2_LE07_018031_20160309,245.58746391451473,2016-03-09,LANDSAT_7,"{""type"":""MultiPoint"",""coordinates"":[]}"
1_1_2_LE07_018031_20160512,263.3538377809646,2016-05-12,LANDSAT_7,"{""type"":""MultiPoint"",""coordinates"":[]}"
1_1_2_LE07_018031_20160528,288.74574770000004,2016-05-28,LANDSAT_7,"{""type"":""MultiPoint"",""coordinates"":[]}"
1_1_2_LE07_018031_20160613,276.91598048000003,2016-06-13,LANDSAT_7,"{""type"":""MultiPoint"",""coordinates"":[]}"
1_1_2_LE07_018031_20160629,291.92792432,2016-06-29,LANDSAT_7,"{""type"":""MultiPoint"",""coordinates"":[]}"
1_1_2_LE07_018031_20160715,295.85181128,2016-07-15,LANDSAT_7,"{""type"":""MultiPoint"",""coordinates"":[]}"
1_1_2_LE07_018031_20160731,292.4713895,2016-07-31,LANDSAT_7,"{""type"":""MultiPoint"",""coordinates"":[]}"
1_1_2_LE07_018031_20160816,150.00147986,2016-08-16,LANDSAT_7,"{""type"":""MultiPoint"",""coordinates"":[]}"
1_1_2_LE07_018031_20160901,298.14188468000003,2016-09-01,LANDSAT_7,"{""type"":""MultiPoint"",""coordinates"":[]}"
1_1_2_LE07_018031_20160917,181.66943516,2016-09-17,LANDSAT_7,"{""type"":""MultiPoint"",""coordinates"":[]}"
1_1_2_LE07_018031_20161003,271.4095502599999,2016-10-03,LANDSAT_7,"{""type"":""MultiPoint"",""coordinates"":[]}"
1_1_2_LE07_018031_20161019,291.93817837999995,2016-10-19,LANDSAT_7,"{""type"":""MultiPoint"",""coordinates"":[]}"
1_1_2_LE07_018031_20161104,287.66565338,2016-11-04,LANDSAT_7,"{""type"":""MultiPoint"",""coordinates"":[]}"
1_1_2_LE07_018031_20170107,250.35454706000002,2017-01-07,LANDSAT_7,"{""type"":""MultiPoint"",""coordinates"":[]}"
1_1_2_LE07_018031_20170123,267.7932851,2017-01-23,LANDSAT_7,"{""type"":""MultiPoint"",""coordinates"":[]}"
1_1_2_LE07_018031_20170224,195.78243974,2017-02-24,LANDSAT_7,"{""type"":""MultiPoint"",""coordinates"":[]}"
1_1_2_LE07_018031_20170515,281.83109324,2017-05-15,LANDSAT_7,"{""type"":""MultiPoint"",""coordinates"":[]}"
1_1_2_LE07_018031_20170531,275.15228216,2017-05-31,LANDSAT_7,"{""type"":""MultiPoint"",""coordinates"":[]}"
1_1_2_LE07_018031_20170616,289.33364714,2017-06-16,LANDSAT_7,"{""type"":""MultiPoint"",""coordinates"":[]}"
1_1_2_LE07_018031_20170702,292.66279862,2017-07-02,LANDSAT_7,"{""type"":""MultiPoint"",""coordinates"":[]}"
1_1_2_LE07_018031_20170718,295.52368135999996,2017-07-18,LANDSAT_7,"{""type"":""MultiPoint"",""coordinates"":[]}"
1_1_2_LE07_018031_20170803,296.41236656,2017-08-03,LANDSAT_7,"{""type"":""MultiPoint"",""coordinates"":[]}"
1_1_2_LE07_018031_20170819,293.96506424,2017-08-19,LANDSAT_7,"{""type"":""MultiPoint"",""coordinates"":[]}"
1_1_2_LE07_018031_20170904,291.81171164000006,2017-09-04,LANDSAT_7,"{""type"":""MultiPoint"",""coordinates"":[]}"
1_1_2_LE07_018031_20170920,294.90501974,2017-09-20,LANDSAT_7,"{""type"":""MultiPoint"",""coordinates"":[]}"
1_1_2_LE07_018031_20171022,290.46842978,2017-10-22,LANDSAT_7,"{""type"":""MultiPoint"",""coordinates"":[]}"
1_1_2_LE07_018031_20171123,260.7521639,2017-11-23,LANDSAT_7,"{""type"":""MultiPoint"",""coordinates"":[]}"
1_1_2_LE07_018031_20171209,249.1274778799999,2017-12-09,LANDSAT_7,"{""type"":""MultiPoint"",""coordinates"":[]}"
1_1_2_LE07_018031_20171225,254.2579259,2017-12-25,LANDSAT_7,"{""type"":""MultiPoint"",""coordinates"":[]}"
1_1_2_LE07_018031_20180110,268.25591794747186,2018-01-10,LANDSAT_7,"{""type"":""MultiPoint"",""coordinates"":[]}"
1_1_2_LE07_018031_20180126,272.04188396,2018-01-26,LANDSAT_7,"{""type"":""MultiPoint"",""coordinates"":[]}"
1_1_2_LE07_018031_20180227,273.06387194,2018-02-27,LANDSAT_7,"{""type"":""MultiPoint"",""coordinates"":[]}"
1_1_2_LE07_018031_20180315,273.09463411999997,2018-03-15,LANDSAT_7,"{""type"":""MultiPoint"",""coordinates"":[]}"
1_1_2_LE07_018031_20180331,241.92912776,2018-03-31,LANDSAT_7,"{""type"":""MultiPoint"",""coordinates"":[]}"
1_1_2_LE07_018031_20180502,273.5150505799998,2018-05-02,LANDSAT_7,"{""type"":""MultiPoint"",""coordinates"":[]}"
1_1_2_LE07_018031_20180518,255.08508674,2018-05-18,LANDSAT_7,"{""type"":""MultiPoint"",""coordinates"":[]}"
1_1_2_LE07_018031_20180603,288.7227156240991,2018-06-03,LANDSAT_7,"{""type"":""MultiPoint"",""coordinates"":[]}"
1_1_2_LE07_018031_20180619,291.0431216579309,2018-06-19,LANDSAT_7,"{""type"":""MultiPoint"",""coordinates"":[]}"
1_1_2_LE07_018031_20180806,293.9411381,2018-08-06,LANDSAT_7,"{""type"":""MultiPoint"",""coordinates"":[]}"
1_1_2_LE07_018031_20180822,272.15467862,2018-08-22,LANDSAT_7,"{""type"":""MultiPoint"",""coordinates"":[]}"
1_1_2_LE07_018031_20180907,244.4003125529108,2018-09-07,LANDSAT_7,"{""type"":""MultiPoint"",""coordinates"":[]}"
1_1_2_LE07_018031_20180923,292.60127425999997,2018-09-23,LANDSAT_7,"{""type"":""MultiPoint"",""coordinates"":[]}"
1_1_2_LE07_018031_20181009,292.09198928,2018-10-09,LANDSAT_7,"{""type"":""MultiPoint"",""coordinates"":[]}"
1_1_2_LE07_018031_20181025,265.52030179999997,2018-10-25,LANDSAT_7,"{""type"":""MultiPoint"",""coordinates"":[]}"
1_1_2_LE07_018031_20181110,259.68232364,2018-11-10,LANDSAT_7,"{""type"":""MultiPoint"",""coordinates"":[]}"
1_1_2_LE07_018031_20190113,266.80547732,2019-01-13,LANDSAT_7,"{""type"":""MultiPoint"",""coordinates"":[]}"
1_1_2_LE07_018031_20190214,242.20940539999998,2019-02-14,LANDSAT_7,"{""type"":""MultiPoint"",""coordinates"":[]}"
1_1_2_LE07_018031_20190318,272.76992222,2019-03-18,LANDSAT_7,"{""type"":""MultiPoint"",""coordinates"":[]}"
1_1_2_LE07_018031_20190403,274.61907104000005,2019-04-03,LANDSAT_7,"{""type"":""MultiPoint"",""coordinates"":[]}"
1_1_2_LE07_018031_20190622,288.12025004,2019-06-22,LANDSAT_7,"{""type"":""MultiPoint"",""coordinates"":[]}"
1_1_2_LE07_018031_20190708,294.2486598094919,2019-07-08,LANDSAT_7,"{""type"":""MultiPoint"",""coordinates"":[]}"
1_1_2_LE07_018031_20190724,296.6968658304169,2019-07-24,LANDSAT_7,"{""type"":""MultiPoint"",""coordinates"":[]}"
1_1_2_LE07_018031_20190809,298.1282126,2019-08-09,LANDSAT_7,"{""type"":""MultiPoint"",""coordinates"":[]}"
1_1_2_LE07_018031_20190825,296.47389092000003,2019-08-25,LANDSAT_7,"{""type"":""MultiPoint"",""coordinates"":[]}"
1_1_2_LE07_018031_20190910,271.85731088,2019-09-10,LANDSAT_7,"{""type"":""MultiPoint"",""coordinates"":[]}"
1_1_2_LE07_018031_20190926,294.09836701999996,2019-09-26,LANDSAT_7,"{""type"":""MultiPoint"",""coordinates"":[]}"
1_1_2_LE07_018031_20191012,270.00132602,2019-10-12,LANDSAT_7,"{""type"":""MultiPoint"",""coordinates"":[]}"
1_1_2_LE07_018031_20191028,287.95618507999995,2019-10-28,LANDSAT_7,"{""type"":""MultiPoint"",""coordinates"":[]}"
1_1_2_LE07_018031_20191113,253.66039437343122,2019-11-13,LANDSAT_7,"{""type"":""MultiPoint"",""coordinates"":[]}"
1_1_2_LE07_018031_20200201,272.87929885999995,2020-02-01,LANDSAT_7,"{""type"":""MultiPoint"",""coordinates"":[]}"
1_1_2_LE07_018031_20200217,273.23819096,2020-02-17,LANDSAT_7,"{""type"":""MultiPoint"",""coordinates"":[]}"
1_1_2_LE07_018031_20200304,252.44979332,2020-03-04,LANDSAT_7,"{""type"":""MultiPoint"",""coordinates"":[]}"
1_1_2_LE07_018031_20200405,270.89001122,2020-04-05,LANDSAT_7,"{""type"":""MultiPoint"",""coordinates"":[]}"
1_1_2_LE07_018031_20200507,275.24798672,2020-05-07,LANDSAT_7,"{""type"":""MultiPoint"",""coordinates"":[]}"
1_1_2_LE07_018031_20200523,245.12839448,2020-05-23,LANDSAT_7,"{""type"":""MultiPoint"",""coordinates"":[]}"
1_1_2_LE07_018031_20200608,287.58703891999994,2020-06-08,LANDSAT_7,"{""type"":""MultiPoint"",""coordinates"":[]}"
1_1_2_LE07_018031_20200624,290.38297928,2020-06-24,LANDSAT_7,"{""type"":""MultiPoint"",""coordinates"":[]}"
1_1_2_LE07_018031_20200710,298.75712827999996,2020-07-10,LANDSAT_7,"{""type"":""MultiPoint"",""coordinates"":[]}"
1_1_2_LE07_018031_20200726,296.43629269999997,2020-07-26,LANDSAT_7,"{""type"":""MultiPoint"",""coordinates"":[]}"
1_1_2_LE07_018031_20200811,150.00147986,2020-08-11,LANDSAT_7,"{""type"":""MultiPoint"",""coordinates"":[]}"
1_1_2_LE07_018031_20200827,297.37624819999996,2020-08-27,LANDSAT_7,"{""type"":""MultiPoint"",""coordinates"":[]}"
1_1_2_LE07_018031_20200912,294.82298726,2020-09-12,LANDSAT_7,"{""type"":""MultiPoint"",""coordinates"":[]}"
1_1_2_LE07_018031_20200928,291.72967916,2020-09-28,LANDSAT_7,"{""type"":""MultiPoint"",""coordinates"":[]}"
1_1_2_LE07_018031_20201014,239.28016226,2020-10-14,LANDSAT_7,"{""type"":""MultiPoint"",""coordinates"":[]}"
1_1_2_LE07_018031_20201217,258.2296651399997,2020-12-17,LANDSAT_7,"{""type"":""MultiPoint"",""coordinates"":[]}"
1_1_2_LE07_018031_20210203,273.34073156,2021-02-03,LANDSAT_7,"{""type"":""MultiPoint"",""coordinates"":[]}"
1_1_2_LE07_018031_20210307,271.5052548200001,2021-03-07,LANDSAT_7,"{""type"":""MultiPoint"",""coordinates"":[]}"
1_1_2_LE07_018031_20210323,243.89790728,2021-03-23,LANDSAT_7,"{""type"":""MultiPoint"",""coordinates"":[]}"
1_1_2_LE07_018031_20210408,276.3383351,2021-04-08,LANDSAT_7,"{""type"":""MultiPoint"",""coordinates"":[]}"
1_1_2_LE07_018031_20210424,273.5697389,2021-04-24,LANDSAT_7,"{""type"":""MultiPoint"",""coordinates"":[]}"
1_1_2_LE07_018031_20210510,280.63136821999996,2021-05-10,LANDSAT_7,"{""type"":""MultiPoint"",""coordinates"":[]}"
1_1_2_LE07_018031_20210526,228.88247135085626,2021-05-26,LANDSAT_7,"{""type"":""MultiPoint"",""coordinates"":[]}"
1_1_2_LE07_018031_20210611,290.5231181000001,2021-06-11,LANDSAT_7,"{""type"":""MultiPoint"",""coordinates"":[]}"
1_1_2_LE07_018031_20210627,285.40292414,2021-06-27,LANDSAT_7,"{""type"":""MultiPoint"",""coordinates"":[]}"
1_1_2_LE07_018031_20210814,297.2224373000001,2021-08-14,LANDSAT_7,"{""type"":""MultiPoint"",""coordinates"":[]}"
1_1_2_LE07_018031_20210830,290.2961836182922,2021-08-30,LANDSAT_7,"{""type"":""MultiPoint"",""coordinates"":[]}"
1_1_2_LE07_018031_20211001,292.4850615799999,2021-10-01,LANDSAT_7,"{""type"":""MultiPoint"",""coordinates"":[]}"
1_1_2_LE07_018031_20211017,291.12468962,2021-10-17,LANDSAT_7,"{""type"":""MultiPoint"",""coordinates"":[]}"
1_1_2_LE07_018031_20211102,281.20217755999994,2021-11-02,LANDSAT_7,"{""type"":""MultiPoint"",""coordinates"":[]}"
1_1_2_LE07_018031_20211204,280.94924407999997,2021-12-04,LANDSAT_7,"{""type"":""MultiPoint"",""coordinates"":[]}"
1_1_2_LE07_018031_20211220,273.99699139999996,2021-12-20,LANDSAT_7,"{""type"":""MultiPoint"",""coordinates"":[]}"
1_1_2_LE07_018031_20220121,273.80558228,2022-01-21,LANDSAT_7,"{""type"":""MultiPoint"",""coordinates"":[]}"
1_1_2_LE07_018031_20220206,267.70441658,2022-02-06,LANDSAT_7,"{""type"":""MultiPoint"",""coordinates"":[]}"
1_1_2_LE07_018031_20220310,256.96499774,2022-03-10,LANDSAT_7,"{""type"":""MultiPoint"",""coordinates"":[]}"
1_1_2_LE07_018031_20220517,282.96245786,2022-05-17,LANDSAT_7,"{""type"":""MultiPoint"",""coordinates"":[]}"
1_1_2_LE07_018031_20220603,289.08754970000047,2022-06-03,LANDSAT_7,"{""type"":""MultiPoint"",""coordinates"":[]}"
1_1_2_LE07_018031_20220615,291.64764668,2022-06-15,LANDSAT_7,"{""type"":""MultiPoint"",""coordinates"":[]}"
1_1_2_LE07_018031_20220702,294.09836701999996,2022-07-02,LANDSAT_7,"{""type"":""MultiPoint"",""coordinates"":[]}"
1_1_2_LE07_018031_20220719,296.05347445999996,2022-07-19,LANDSAT_7,"{""type"":""MultiPoint"",""coordinates"":[]}"
1_1_2_LE07_018031_20220805,150.00147986,2022-08-05,LANDSAT_7,"{""type"":""MultiPoint"",""coordinates"":[]}"
1_1_2_LE07_018031_20220908,295.81763107999996,2022-09-08,LANDSAT_7,"{""type"":""MultiPoint"",""coordinates"":[]}"
1_1_2_LE07_018031_20220925,230.00365598000002,2022-09-25,LANDSAT_7,"{""type"":""MultiPoint"",""coordinates"":[]}"
1_1_2_LE07_018031_20221012,235.46565193999996,2022-10-12,LANDSAT_7,"{""type"":""MultiPoint"",""coordinates"":[]}"
1_1_2_LE07_018031_20221029,285.99082358,2022-10-29,LANDSAT_7,"{""type"":""MultiPoint"",""coordinates"":[]}"
1_1_2_LE07_018031_20221120,266.26543016,2022-11-20,LANDSAT_7,"{""type"":""MultiPoint"",""coordinates"":[]}"
1_1_2_LE07_018031_20230218,273.81241832,2023-02-18,LANDSAT_7,"{""type"":""MultiPoint"",""coordinates"":[]}"
1_1_2_LE07_018031_20230307,274.87200452,2023-03-07,LANDSAT_7,"{""type"":""MultiPoint"",""coordinates"":[]}"
1_1_2_LE07_018031_20230329,235.48616006,2023-03-29,LANDSAT_7,"{""type"":""MultiPoint"",""coordinates"":[]}"
1_1_2_LE07_018031_20230415,278.82323564,2023-04-15,LANDSAT_7,"{""type"":""MultiPoint"",""coordinates"":[]}"
1_1_2_LE07_018031_20230420,267.44122904000005,2023-04-20,LANDSAT_7,"{""type"":""MultiPoint"",""coordinates"":[]}"
1_1_2_LE07_018031_20230512,275.92133666,2023-05-12,LANDSAT_7,"{""type"":""MultiPoint"",""coordinates"":[]}"
1_1_2_LE07_018031_20230529,286.92736106,2023-05-29,LANDSAT_7,"{""type"":""MultiPoint"",""coordinates"":[]}"
1_1_2_LE07_018031_20230603,289.98307094,2023-06-03,LANDSAT_7,"{""type"":""MultiPoint"",""coordinates"":[]}"
1_1_2_LE07_018031_20230620,202.26300566,2023-06-20,LANDSAT_7,"{""type"":""MultiPoint"",""coordinates"":[]}"
1_1_2_LE07_018031_20230625,290.10611966000005,2023-06-25,LANDSAT_7,"{""type"":""MultiPoint"",""coordinates"":[]}"
1_1_2_LE07_018031_20230717,291.52117994,2023-07-17,LANDSAT_7,"{""type"":""MultiPoint"",""coordinates"":[]}"
1_1_2_LE07_018031_20230808,286.28819132,2023-08-08,LANDSAT_7,"{""type"":""MultiPoint"",""coordinates"":[]}"
1_1_2_LE07_018031_20230813,293.0319447800001,2023-08-13,LANDSAT_7,"{""type"":""MultiPoint"",""coordinates"":[]}"
1_1_2_LE07_018031_20230904,295.95093385999996,2023-09-04,LANDSAT_7,"{""type"":""MultiPoint"",""coordinates"":[]}"
1_1_2_LE07_018031_20231001,293.46945134,2023-10-01,LANDSAT_7,"{""type"":""MultiPoint"",""coordinates"":[]}"
1_1_2_LE07_019031_19990708,277.74314132,1999-07-08,LANDSAT_7,"{""type"":""MultiPoint"",""coordinates"":[]}"
1_1_2_LE07_019031_19990724,301.01220024271424,1999-07-24,LANDSAT_7,"{""type"":""MultiPoint"",""coordinates"":[]}"
1_1_2_LE07_019031_19990809,294.5016933799999,1999-08-09,LANDSAT_7,"{""type"":""MultiPoint"",""coordinates"":[]}"
1_1_2_LE07_019031_19990910,284.3706821,1999-09-10,LANDSAT_7,"{""type"":""MultiPoint"",""coordinates"":[]}"
1_1_2_LE07_019031_19990926,292.2663083000003,1999-09-26,LANDSAT_7,"{""type"":""MultiPoint"",""coordinates"":[]}"
1_1_2_LE07_019031_19991012,269.2664996388024,1999-10-12,LANDSAT_7,"{""type"":""MultiPoint"",""coordinates"":[]}"
1_1_2_LE07_019031_19991028,282.24467366,1999-10-28,LANDSAT_7,"{""type"":""MultiPoint"",""coordinates"":[]}"
1_1_2_LE07_019031_19991113,275.18304433999987,1999-11-13,LANDSAT_7,"{""type"":""MultiPoint"",""coordinates"":[]}"
1_1_2_LE07_019031_19991129,282.3369602,1999-11-29,LANDSAT_7,"{""type"":""MultiPoint"",""coordinates"":[]}"
1_1_2_LE07_019031_19991215,280.58009791999996,1999-12-15,LANDSAT_7,"{""type"":""MultiPoint"",""coordinates"":[]}"
1_1_2_LE07_019031_19991231,266.10820124,1999-12-31,LANDSAT_7,"{""type"":""MultiPoint"",""coordinates"":[]}"
1_1_2_LE07_019031_20000116,274.94720096000003,2000-01-16,LANDSAT_7,"{""type"":""MultiPoint"",""coordinates"":[]}"
1_1_2_LE07_019031_20000201,267.80695718,2000-02-01,LANDSAT_7,"{""type"":""MultiPoint"",""coordinates"":[]}"
1_1_2_LE07_019031_20000217,259.61054522,2000-02-17,LANDSAT_7,"{""type"":""MultiPoint"",""coordinates"":[]}"
1_1_2_LE07_019031_20000304,256.91714546000003,2000-03-04,LANDSAT_7,"{""type"":""MultiPoint"",""coordinates"":[]}"
1_1_2_LE07_019031_20000405,266.36113472,2000-04-05,LANDSAT_7,"{""type"":""MultiPoint"",""coordinates"":[]}"
1_1_2_LE07_019031_20000507,279.1957998199999,2000-05-07,LANDSAT_7,"{""type"":""MultiPoint"",""coordinates"":[]}"
1_1_2_LE07_019031_20000608,265.4509996056639,2000-06-08,LANDSAT_7,"{""type"":""MultiPoint"",""coordinates"":[]}"
1_1_2_LE07_019031_20000624,292.12831645972057,2000-06-24,LANDSAT_7,"{""type"":""MultiPoint"",""coordinates"":[]}"
1_1_2_LE07_019031_20000710,194.91524815202817,2000-07-10,LANDSAT_7,"{""type"":""MultiPoint"",""coordinates"":[]}"
1_1_2_LE07_019031_20000726,295.72876256,2000-07-26,LANDSAT_7,"{""type"":""MultiPoint"",""coordinates"":[]}"
1_1_2_LE07_019031_20000811,286.49327251999995,2000-08-11,LANDSAT_7,"{""type"":""MultiPoint"",""coordinates"":[]}"
1_1_2_LE07_019031_20000827,225.99145264872433,2000-08-27,LANDSAT_7,"{""type"":""MultiPoint"",""coordinates"":[]}"
1_1_2_LE07_019031_20000928,287.32726939999986,2000-09-28,LANDSAT_7,"{""type"":""MultiPoint"",""coordinates"":[]}"
1_1_2_LE07_019031_20001014,279.0283168400001,2000-10-14,LANDSAT_7,"{""type"":""MultiPoint"",""coordinates"":[]}"
1_1_2_LE07_019031_20001030,287.8160462600001,2000-10-30,LANDSAT_7,"{""type"":""MultiPoint"",""coordinates"":[]}"
1_1_2_LE07_019031_20001201,266.1980125966532,2000-12-01,LANDSAT_7,"{""type"":""MultiPoint"",""coordinates"":[]}"
1_1_2_LE07_019031_20010102,268.1829393799999,2001-01-02,LANDSAT_7,"{""type"":""MultiPoint"",""coordinates"":[]}"
1_1_2_LE07_019031_20010118,271.55994314000003,2001-01-18,LANDSAT_7,"{""type"":""MultiPoint"",""coordinates"":[]}"
1_1_2_LE07_019031_20010203,269.08529665999976,2001-02-03,LANDSAT_7,"{""type"":""MultiPoint"",""coordinates"":[]}"
1_1_2_LE07_019031_20010219,248.41652972,2001-02-19,LANDSAT_7,"{""type"":""MultiPoint"",""coordinates"":[]}"
1_1_2_LE07_019031_20010323,260.57784488,2001-03-23,LANDSAT_7,"{""type"":""MultiPoint"",""coordinates"":[]}"
1_1_2_LE07_019031_20010408,276.00476779110755,2001-04-08,LANDSAT_7,"{""type"":""MultiPoint"",""coordinates"":[]}"
1_1_2_LE07_019031_20010510,277.72946923999996,2001-05-10,LANDSAT_7,"{""type"":""MultiPoint"",""coordinates"":[]}"
1_1_2_LE07_019031_20010611,287.81262824000015,2001-06-11,LANDSAT_7,"{""type"":""MultiPoint"",""coordinates"":[]}"
1_1_2_LE07_019031_20010627,294.5974529522121,2001-06-27,LANDSAT_7,"{""type"":""MultiPoint"",""coordinates"":[]}"
1_1_2_LE07_019031_20010713,293.48654144,2001-07-13,LANDSAT_7,"{""type"":""MultiPoint"",""coordinates"":[]}"
1_1_2_LE07_019031_20010729,295.6677819982581,2001-07-29,LANDSAT_7,"{""type"":""MultiPoint"",""coordinates"":[]}"
1_1_2_LE07_019031_20010814,297.0071020399996,2001-08-14,LANDSAT_7,"{""type"":""MultiPoint"",""coordinates"":[]}"
1_1_2_LE07_019031_20010830,297.1681047510715,2001-08-30,LANDSAT_7,"{""type"":""MultiPoint"",""coordinates"":[]}"
1_1_2_LE07_019031_20010915,275.1625362199998,2001-09-15,LANDSAT_7,"{""type"":""MultiPoint"",""coordinates"":[]}"
1_1_2_LE07_019031_20011001,291.03240308000017,2001-10-01,LANDSAT_7,"{""type"":""MultiPoint"",""coordinates"":[]}"
1_1_2_LE07_019031_20011017,264.6042724399998,2001-10-17,LANDSAT_7,"{""type"":""MultiPoint"",""coordinates"":[]}"
1_1_2_LE07_019031_20011204,262.5427804399204,2001-12-04,LANDSAT_7,"{""type"":""MultiPoint"",""coordinates"":[]}"
1_1_2_LE07_019031_20011220,271.29333757999996,2001-12-20,LANDSAT_7,"{""type"":""MultiPoint"",""coordinates"":[]}"
1_1_2_LE07_019031_20020105,274.42082588000005,2002-01-05,LANDSAT_7,"{""type"":""MultiPoint"",""coordinates"":[]}"
1_1_2_LE07_019031_20020206,262.77221371999997,2002-02-06,LANDSAT_7,"{""type"":""MultiPoint"",""coordinates"":[]}"
1_1_2_LE07_019031_20020310,267.86506352,2002-03-10,LANDSAT_7,"{""type"":""MultiPoint"",""coordinates"":[]}"
1_1_2_LE07_019031_20020411,275.1727902800001,2002-04-11,LANDSAT_7,"{""type"":""MultiPoint"",""coordinates"":[]}"
1_1_2_LE07_019031_20020427,248.25930080000018,2002-04-27,LANDSAT_7,"{""type"":""MultiPoint"",""coordinates"":[]}"
1_1_2_LE07_019031_20020529,230.18046306713418,2002-05-29,LANDSAT_7,"{""type"":""MultiPoint"",""coordinates"":[]}"
1_1_2_LE07_019031_20020614,289.6310148800002,2002-06-14,LANDSAT_7,"{""type"":""MultiPoint"",""coordinates"":[]}"
1_1_2_LE07_019031_20020630,294.93578192,2002-06-30,LANDSAT_7,"{""type"":""MultiPoint"",""coordinates"":[]}"
1_1_2_LE07_019031_20020716,293.7077205038539,2002-07-16,LANDSAT_7,"{""type"":""MultiPoint"",""coordinates"":[]}"
1_1_2_LE07_019031_20020801,298.4050722200003,2002-08-01,LANDSAT_7,"{""type"":""MultiPoint"",""coordinates"":[]}"
1_1_2_LE07_019031_20020817,297.77273851999996,2002-08-17,LANDSAT_7,"{""type"":""MultiPoint"",""coordinates"":[]}"
1_1_2_LE07_019031_20020902,280.42628702,2002-09-02,LANDSAT_7,"{""type"":""MultiPoint"",""coordinates"":[]}"
1_1_2_LE07_019031_20020918,256.00795214,2002-09-18,LANDSAT_7,"{""type"":""MultiPoint"",""coordinates"":[]}"
1_1_2_LE07_019031_20021004,284.89022113999994,2002-10-04,LANDSAT_7,"{""type"":""MultiPoint"",""coordinates"":[]}"
1_1_2_LE07_019031_20021020,289.6822851800001,2002-10-20,LANDSAT_7,"{""type"":""MultiPoint"",""coordinates"":[]}"
1_1_2_LE07_019031_20021105,261.2135966,2002-11-05,LANDSAT_7,"{""type"":""MultiPoint"",""coordinates"":[]}"
1_1_2_LE07_019031_20021121,268.66829821999994,2002-11-21,LANDSAT_7,"{""type"":""MultiPoint"",""coordinates"":[]}"
1_1_2_LE07_019031_20021207,267.6736543999999,2002-12-07,LANDSAT_7,"{""type"":""MultiPoint"",""coordinates"":[]}"
1_1_2_LE07_019031_20030209,267.4343929999997,2003-02-09,LANDSAT_7,"{""type"":""MultiPoint"",""coordinates"":[]}"
1_1_2_LE07_019031_20030225,263.4797438599999,2003-02-25,LANDSAT_7,"{""type"":""MultiPoint"",""coordinates"":[]}"
1_1_2_LE07_019031_20030313,223.8888182,2003-03-13,LANDSAT_7,"{""type"":""MultiPoint"",""coordinates"":[]}"
1_1_2_LE07_019031_20030414,275.7128374400003,2003-04-14,LANDSAT_7,"{""type"":""MultiPoint"",""coordinates"":[]}"
1_1_2_LE07_019031_20030430,268.4755394511457,2003-04-30,LANDSAT_7,"{""type"":""MultiPoint"",""coordinates"":[]}"
1_1_2_LE07_019031_20030719,294.1428012799999,2003-07-19,LANDSAT_7,"{""type"":""MultiPoint"",""coordinates"":[]}"
1_1_2_LE07_019031_20030804,295.33910828,2003-08-04,LANDSAT_7,"{""type"":""MultiPoint"",""coordinates"":[]}"
1_1_2_LE07_019031_20030820,285.6604055560733,2003-08-20,LANDSAT_7,"{""type"":""MultiPoint"",""coordinates"":[]}"
1_1_2_LE07_019031_20030921,292.58076614000004,2003-09-21,LANDSAT_7,"{""type"":""MultiPoint"",""coordinates"":[]}"
1_1_2_LE07_019031_20031108,265.71512893999994,2003-11-08,LANDSAT_7,"{""type"":""MultiPoint"",""coordinates"":[]}"
1_1_2_LE07_019031_20031226,276.94332464,2003-12-26,LANDSAT_7,"{""type"":""MultiPoint"",""coordinates"":[]}"
1_1_2_LE07_019031_20040228,268.94857586,2004-02-28,LANDSAT_7,"{""type"":""MultiPoint"",""coordinates"":[]}"
1_1_2_LE07_019031_20040315,273.44327216,2004-03-15,LANDSAT_7,"{""type"":""MultiPoint"",""coordinates"":[]}"
1_1_2_LE07_019031_20040416,276.10590974,2004-04-16,LANDSAT_7,"{""type"":""MultiPoint"",""coordinates"":[]}"
1_1_2_LE07_019031_20040518,249.79008501243464,2004-05-18,LANDSAT_7,"{""type"":""MultiPoint"",""coordinates"":[]}"
1_1_2_LE07_019031_20040603,286.93077908,2004-06-03,LANDSAT_7,"{""type"":""MultiPoint"",""coordinates"":[]}"
1_1_2_LE07_019031_20040619,289.2584507,2004-06-19,LANDSAT_7,"{""type"":""MultiPoint"",""coordinates"":[]}"
1_1_2_LE07_019031_20040705,283.0583657916351,2004-07-05,LANDSAT_7,"{""type"":""MultiPoint"",""coordinates"":[]}"
1_1_2_LE07_019031_20040721,293.240444,2004-07-21,LANDSAT_7,"{""type"":""MultiPoint"",""coordinates"":[]}"
1_1_2_LE07_019031_20040806,294.54954566000004,2004-08-06,LANDSAT_7,"{""type"":""MultiPoint"",""coordinates"":[]}"
1_1_2_LE07_019031_20040822,294.01975256000003,2004-08-22,LANDSAT_7,"{""type"":""MultiPoint"",""coordinates"":[]}"
1_1_2_LE07_019031_20040907,249.4741229641833,2004-09-07,LANDSAT_7,"{""type"":""MultiPoint"",""coordinates"":[]}"
1_1_2_LE07_019031_20040923,294.3683906,2004-09-23,LANDSAT_7,"{""type"":""MultiPoint"",""coordinates"":[]}"
1_1_2_LE07_019031_20041009,291.83563777999996,2004-10-09,LANDSAT_7,"{""type"":""MultiPoint"",""coordinates"":[]}"
1_1_2_LE07_019031_20041025,277.06295534000003,2004-10-25,LANDSAT_7,"{""type"":""MultiPoint"",""coordinates"":[]}"
1_1_2_LE07_019031_20041110,263.5105060399999,2004-11-10,LANDSAT_7,"{""type"":""MultiPoint"",""coordinates"":[]}"
1_1_2_LE07_019031_20050318,263.40796544,2005-03-18,LANDSAT_7,"{""type"":""MultiPoint"",""coordinates"":[]}"
1_1_2_LE07_019031_20050403,246.29393929999998,2005-04-03,LANDSAT_7,"{""type"":""MultiPoint"",""coordinates"":[]}"
1_1_2_LE07_019031_20050419,276.27681074,2005-04-19,LANDSAT_7,"{""type"":""MultiPoint"",""coordinates"":[]}"
1_1_2_LE07_019031_20050505,249.48295195999998,2005-05-05,LANDSAT_7,"{""type"":""MultiPoint"",""coordinates"":[]}"
1_1_2_LE07_019031_20050521,270.56529932,2005-05-21,LANDSAT_7,"{""type"":""MultiPoint"",""coordinates"":[]}"
1_1_2_LE07_019031_20050606,290.48551987999997,2005-06-06,LANDSAT_7,"{""type"":""MultiPoint"",""coordinates"":[]}"
1_1_2_LE07_019031_20050622,285.85068476000004,2005-06-22,LANDSAT_7,"{""type"":""MultiPoint"",""coordinates"":[]}"
1_1_2_LE07_019031_20050708,295.4809109280856,2005-07-08,LANDSAT_7,"{""type"":""MultiPoint"",""coordinates"":[]}"
1_1_2_LE07_019031_20050809,298.34696587999997,2005-08-09,LANDSAT_7,"{""type"":""MultiPoint"",""coordinates"":[]}"
1_1_2_LE07_019031_20050825,253.68711656000002,2005-08-25,LANDSAT_7,"{""type"":""MultiPoint"",""coordinates"":[]}"
1_1_2_LE07_019031_20050910,295.80054098,2005-09-10,LANDSAT_7,"{""type"":""MultiPoint"",""coordinates"":[]}"
1_1_2_LE07_019031_20050926,221.60558084000002,2005-09-26,LANDSAT_7,"{""type"":""MultiPoint"",""coordinates"":[]}"
1_1_2_LE07_019031_20051028,275.64105902000006,2005-10-28,LANDSAT_7,"{""type"":""MultiPoint"",""coordinates"":[]}"
1_1_2_LE07_019031_20051113,261.75364375999976,2005-11-13,LANDSAT_7,"{""type"":""MultiPoint"",""coordinates"":[]}"
1_1_2_LE07_019031_20060116,274.27726903999996,2006-01-16,LANDSAT_7,"{""type"":""MultiPoint"",""coordinates"":[]}"
1_1_2_LE07_019031_20060201,234.98371112,2006-02-01,LANDSAT_7,"{""type"":""MultiPoint"",""coordinates"":[]}"
1_1_2_LE07_019031_20060217,261.71946356,2006-02-17,LANDSAT_7,"{""type"":""MultiPoint"",""coordinates"":[]}"
1_1_2_LE07_019031_20060305,270.27818564,2006-03-05,LANDSAT_7,"{""type"":""MultiPoint"",""coordinates"":[]}"
1_1_2_LE07_019031_20060406,275.81196002,2006-04-06,LANDSAT_7,"{""type"":""MultiPoint"",""coordinates"":[]}"
1_1_2_LE07_019031_20060422,243.66889994000002,2006-04-22,LANDSAT_7,"{""type"":""MultiPoint"",""coordinates"":[]}"
1_1_2_LE07_019031_20060508,284.15534684,2006-05-08,LANDSAT_7,"{""type"":""MultiPoint"",""coordinates"":[]}"
1_1_2_LE07_019031_20060524,275.49066614000003,2006-05-24,LANDSAT_7,"{""type"":""MultiPoint"",""coordinates"":[]}"
1_1_2_LE07_019031_20060609,289.18667228000004,2006-06-09,LANDSAT_7,"{""type"":""MultiPoint"",""coordinates"":[]}"
1_1_2_LE07_019031_20060625,287.3244801860844,2006-06-25,LANDSAT_7,"{""type"":""MultiPoint"",""coordinates"":[]}"
1_1_2_LE07_019031_20060711,290.15808915676513,2006-07-11,LANDSAT_7,"{""type"":""MultiPoint"",""coordinates"":[]}"
1_1_2_LE07_019031_20060727,150.00147986,2006-07-27,LANDSAT_7,"{""type"":""MultiPoint"",""coordinates"":[]}"
1_1_2_LE07_019031_20060812,296.79518480000013,2006-08-12,LANDSAT_7,"{""type"":""MultiPoint"",""coordinates"":[]}"
1_1_2_LE07_019031_20060929,290.62907672,2006-09-29,LANDSAT_7,"{""type"":""MultiPoint"",""coordinates"":[]}"
1_1_2_LE07_019031_20061015,283.46148877999997,2006-10-15,LANDSAT_7,"{""type"":""MultiPoint"",""coordinates"":[]}"
1_1_2_LE07_019031_20061218,267.7420148,2006-12-18,LANDSAT_7,"{""type"":""MultiPoint"",""coordinates"":[]}"
1_1_2_LE07_019031_20070103,277.78415756,2007-01-03,LANDSAT_7,"{""type"":""MultiPoint"",""coordinates"":[]}"
1_1_2_LE07_019031_20070119,273.6415173199999,2007-01-19,LANDSAT_7,"{""type"":""MultiPoint"",""coordinates"":[]}"
1_1_2_LE07_019031_20070204,239.76210308,2007-02-04,LANDSAT_7,"{""type"":""MultiPoint"",""coordinates"":[]}"
1_1_2_LE07_019031_20070220,269.64243392000003,2007-02-20,LANDSAT_7,"{""type"":""MultiPoint"",""coordinates"":[]}"
1_1_2_LE07_019031_20070308,267.89924372,2007-03-08,LANDSAT_7,"{""type"":""MultiPoint"",""coordinates"":[]}"
1_1_2_LE07_019031_20070409,268.62386395999994,2007-04-09,LANDSAT_7,"{""type"":""MultiPoint"",""coordinates"":[]}"
1_1_2_LE07_019031_20070511,276.6015226399999,2007-05-11,LANDSAT_7,"{""type"":""MultiPoint"",""coordinates"":[]}"
1_1_2_LE07_019031_20070527,234.9119327,2007-05-27,LANDSAT_7,"{""type"":""MultiPoint"",""coordinates"":[]}"
1_1_2_LE07_019031_20070612,290.44147462273304,2007-06-12,LANDSAT_7,"{""type"":""MultiPoint"",""coordinates"":[]}"
1_1_2_LE07_019031_20070628,287.50158841999996,2007-06-28,LANDSAT_7,"{""type"":""MultiPoint"",""coordinates"":[]}"
1_1_2_LE07_019031_20070714,250.69352660846718,2007-07-14,LANDSAT_7,"{""type"":""MultiPoint"",""coordinates"":[]}"
1_1_2_LE07_019031_20070730,295.79712296,2007-07-30,LANDSAT_7,"{""type"":""MultiPoint"",""coordinates"":[]}"
1_1_2_LE07_019031_20070815,172.29106390783798,2007-08-15,LANDSAT_7,"{""type"":""MultiPoint"",""coordinates"":[]}"
1_1_2_LE07_019031_20070831,295.93384376,2007-08-31,LANDSAT_7,"{""type"":""MultiPoint"",""coordinates"":[]}"
1_1_2_LE07_019031_20070916,285.71054594,2007-09-16,LANDSAT_7,"{""type"":""MultiPoint"",""coordinates"":[]}"
1_1_2_LE07_019031_20071103,261.56907068,2007-11-03,LANDSAT_7,"{""type"":""MultiPoint"",""coordinates"":[]}"
1_1_2_LE07_019031_20071119,276.55708838,2007-11-19,LANDSAT_7,"{""type"":""MultiPoint"",""coordinates"":[]}"
1_1_2_LE07_019031_20071221,276.58101452,2007-12-21,LANDSAT_7,"{""type"":""MultiPoint"",""coordinates"":[]}"
1_1_2_LE07_019031_20080223,267.30792626,2008-02-23,LANDSAT_7,"{""type"":""MultiPoint"",""coordinates"":[]}"
1_1_2_LE07_019031_20080310,259.12176835999986,2008-03-10,LANDSAT_7,"{""type"":""MultiPoint"",""coordinates"":[]}"
1_1_2_LE07_019031_20080326,271.72059007999997,2008-03-26,LANDSAT_7,"{""type"":""MultiPoint"",""coordinates"":[]}"
1_1_2_LE07_019031_20080411,273.79874624,2008-04-11,LANDSAT_7,"{""type"":""MultiPoint"",""coordinates"":[]}"
1_1_2_LE07_019031_20080427,276.95016068,2008-04-27,LANDSAT_7,"{""type"":""MultiPoint"",""coordinates"":[]}"
1_1_2_LE07_019031_20080513,279.5973142917249,2008-05-13,LANDSAT_7,"{""type"":""MultiPoint"",""coordinates"":[]}"
1_1_2_LE07_019031_20080529,283.5817722094687,2008-05-29,LANDSAT_7,"{""type"":""MultiPoint"",""coordinates"":[]}"
1_1_2_LE07_019031_20080614,177.34880347134728,2008-06-14,LANDSAT_7,"{""type"":""MultiPoint"",""coordinates"":[]}"
1_1_2_LE07_019031_20080716,293.93088404,2008-07-16,LANDSAT_7,"{""type"":""MultiPoint"",""coordinates"":[]}"
1_1_2_LE07_019031_20080801,299.20830692,2008-08-01,LANDSAT_7,"{""type"":""MultiPoint"",""coordinates"":[]}"
1_1_2_LE07_019031_20080817,268.7514591006576,2008-08-17,LANDSAT_7,"{""type"":""MultiPoint"",""coordinates"":[]}"
1_1_2_LE07_019031_20080902,295.90308158,2008-09-02,LANDSAT_7,"{""type"":""MultiPoint"",""coordinates"":[]}"
1_1_2_LE07_019031_20080918,293.36691074,2008-09-18,LANDSAT_7,"{""type"":""MultiPoint"",""coordinates"":[]}"
1_1_2_LE07_019031_20081004,291.0529112,2008-10-04,LANDSAT_7,"{""type"":""MultiPoint"",""coordinates"":[]}"
1_1_2_LE07_019031_20081020,262.41673964,2008-10-20,LANDSAT_7,"{""type"":""MultiPoint"",""coordinates"":[]}"
1_1_2_LE07_019031_20081105,285.45761246,2008-11-05,LANDSAT_7,"{""type"":""MultiPoint"",""coordinates"":[]}"
1_1_2_LE07_019031_20081121,269.0066822,2008-11-21,LANDSAT_7,"{""type"":""MultiPoint"",""coordinates"":[]}"
1_1_2_LE07_019031_20081207,276.7655876,2008-12-07,LANDSAT_7,"{""type"":""MultiPoint"",""coordinates"":[]}"
1_1_2_LE07_019031_20090108,262.990967,2009-01-08,LANDSAT_7,"{""type"":""MultiPoint"",""coordinates"":[]}"
1_1_2_LE07_019031_20090124,262.68334519999996,2009-01-24,LANDSAT_7,"{""type"":""MultiPoint"",""coordinates"":[]}"
1_1_2_LE07_019031_20090209,270.52428308000003,2009-02-09,LANDSAT_7,"{""type"":""MultiPoint"",""coordinates"":[]}"
1_1_2_LE07_019031_20090225,256.70181019999995,2009-02-25,LANDSAT_7,"{""type"":""MultiPoint"",""coordinates"":[]}"
1_1_2_LE07_019031_20090313,271.70349998,2009-03-13,LANDSAT_7,"{""type"":""MultiPoint"",""coordinates"":[]}"
1_1_2_LE07_019031_20090703,282.69243428,2009-07-03,LANDSAT_7,"{""type"":""MultiPoint"",""coordinates"":[]}"
1_1_2_LE07_019031_20090719,294.436751,2009-07-19,LANDSAT_7,"{""type"":""MultiPoint"",""coordinates"":[]}"
1_1_2_LE07_019031_20090804,288.14417618,2009-08-04,LANDSAT_7,"{""type"":""MultiPoint"",""coordinates"":[]}"
1_1_2_LE07_019031_20090820,297.9245266886586,2009-08-20,LANDSAT_7,"{""type"":""MultiPoint"",""coordinates"":[]}"
1_1_2_LE07_019031_20090905,294.2419238600004,2009-09-05,LANDSAT_7,"{""type"":""MultiPoint"",""coordinates"":[]}"
1_1_2_LE07_019031_20091108,284.49373082,2009-11-08,LANDSAT_7,"{""type"":""MultiPoint"",""coordinates"":[]}"
1_1_2_LE07_019031_20091124,274.95403699999997,2009-11-24,LANDSAT_7,"{""type"":""MultiPoint"",""coordinates"":[]}"
1_1_2_LE07_019031_20091210,255.16711922000002,2009-12-10,LANDSAT_7,"{""type"":""MultiPoint"",""coordinates"":[]}"
1_1_2_LE07_019031_20091226,264.4948958,2009-12-26,LANDSAT_7,"{""type"":""MultiPoint"",""coordinates"":[]}"
1_1_2_LE07_019031_20100127,255.10559486,2010-01-27,LANDSAT_7,"{""type"":""MultiPoint"",""coordinates"":[]}"
1_1_2_LE07_019031_20100212,259.01239172,2010-02-12,LANDSAT_7,"{""type"":""MultiPoint"",""coordinates"":[]}"
1_1_2_LE07_019031_20100316,272.42812022,2010-03-16,LANDSAT_7,"{""type"":""MultiPoint"",""coordinates"":[]}"
1_1_2_LE07_019031_20100401,274.33195736,2010-04-01,LANDSAT_7,"{""type"":""MultiPoint"",""coordinates"":[]}"
1_1_2_LE07_019031_20100503,281.35940647999996,2010-05-03,LANDSAT_7,"{""type"":""MultiPoint"",""coordinates"":[]}"
1_1_2_LE07_019031_20100519,283.02398222,2010-05-19,LANDSAT_7,"{""type"":""MultiPoint"",""coordinates"":[]}"
1_1_2_LE07_019031_20100604,282.66167210000003,2010-06-04,LANDSAT_7,"{""type"":""MultiPoint"",""coordinates"":[]}"
1_1_2_LE07_019031_20100620,292.34150474,2010-06-20,LANDSAT_7,"{""type"":""MultiPoint"",""coordinates"":[]}"
1_1_2_LE07_019031_20100706,296.1765231800001,2010-07-06,LANDSAT_7,"{""type"":""MultiPoint"",""coordinates"":[]}"
1_1_2_LE07_019031_20100722,253.35898663999993,2010-07-22,LANDSAT_7,"{""type"":""MultiPoint"",""coordinates"":[]}"
1_1_2_LE07_019031_20100807,297.99832784,2010-08-07,LANDSAT_7,"{""type"":""MultiPoint"",""coordinates"":[]}"
1_1_2_LE07_019031_20100908,274.7216116399999,2010-09-08,LANDSAT_7,"{""type"":""MultiPoint"",""coordinates"":[]}"
1_1_2_LE07_019031_20100924,293.62326224000003,2010-09-24,LANDSAT_7,"{""type"":""MultiPoint"",""coordinates"":[]}"
1_1_2_LE07_019031_20101010,289.90103846,2010-10-10,LANDSAT_7,"{""type"":""MultiPoint"",""coordinates"":[]}"
1_1_2_LE07_019031_20101111,284.73299222,2010-11-11,LANDSAT_7,"{""type"":""MultiPoint"",""coordinates"":[]}"
1_1_2_LE07_019031_20101127,262.56029648,2010-11-27,LANDSAT_7,"{""type"":""MultiPoint"",""coordinates"":[]}"
1_1_2_LE07_019031_20101213,250.68267698,2010-12-13,LANDSAT_7,"{""type"":""MultiPoint"",""coordinates"":[]}"
1_1_2_LE07_019031_20101229,266.21074183999997,2010-12-29,LANDSAT_7,"{""type"":""MultiPoint"",""coordinates"":[]}"
1_1_2_LE07_019031_20110130,261.15890828000005,2011-01-30,LANDSAT_7,"{""type"":""MultiPoint"",""coordinates"":[]}"
1_1_2_LE07_019031_20110215,268.4700530599998,2011-02-15,LANDSAT_7,"{""type"":""MultiPoint"",""coordinates"":[]}"
1_1_2_LE07_019031_20110303,252.7199131042176,2011-03-03,LANDSAT_7,"{""type"":""MultiPoint"",""coordinates"":[]}"
1_1_2_LE07_019031_20110319,264.5461661,2011-03-19,LANDSAT_7,"{""type"":""MultiPoint"",""coordinates"":[]}"
1_1_2_LE07_019031_20110506,245.73910074301713,2011-05-06,LANDSAT_7,"{""type"":""MultiPoint"",""coordinates"":[]}"
1_1_2_LE07_019031_20110522,280.26222206,2011-05-22,LANDSAT_7,"{""type"":""MultiPoint"",""coordinates"":[]}"
1_1_2_LE07_019031_20110607,286.65733748,2011-06-07,LANDSAT_7,"{""type"":""MultiPoint"",""coordinates"":[]}"
1_1_2_LE07_019031_20110709,296.52516122,2011-07-09,LANDSAT_7,"{""type"":""MultiPoint"",""coordinates"":[]}"
1_1_2_LE07_019031_20110725,279.45556934,2011-07-25,LANDSAT_7,"{""type"":""MultiPoint"",""coordinates"":[]}"
1_1_2_LE07_019031_20110810,282.64800002,2011-08-10,LANDSAT_7,"{""type"":""MultiPoint"",""coordinates"":[]}"
1_1_2_LE07_019031_20110826,294.5563817,2011-08-26,LANDSAT_7,"{""type"":""MultiPoint"",""coordinates"":[]}"
1_1_2_LE07_019031_20110911,291.97235858000005,2011-09-11,LANDSAT_7,"{""type"":""MultiPoint"",""coordinates"":[]}"
1_1_2_LE07_019031_20110927,290.80692498593874,2011-09-27,LANDSAT_7,"{""type"":""MultiPoint"",""coordinates"":[]}"
1_1_2_LE07_019031_20111029,270.54479119999996,2011-10-29,LANDSAT_7,"{""type"":""MultiPoint"",""coordinates"":[]}"
1_1_2_LE07_019031_20111114,192.43619816,2011-11-14,LANDSAT_7,"{""type"":""MultiPoint"",""coordinates"":[]}"
1_1_2_LE07_019031_20111130,235.45539788,2011-11-30,LANDSAT_7,"{""type"":""MultiPoint"",""coordinates"":[]}"
1_1_2_LE07_019031_20111216,261.1281461,2011-12-16,LANDSAT_7,"{""type"":""MultiPoint"",""coordinates"":[]}"
1_1_2_LE07_019031_20120218,264.0676433,2012-02-18,LANDSAT_7,"{""type"":""MultiPoint"",""coordinates"":[]}"
1_1_2_LE07_019031_20120321,275.94868082,2012-03-21,LANDSAT_7,"{""type"":""MultiPoint"",""coordinates"":[]}"
1_1_2_LE07_019031_20120406,277.81833775999996,2012-04-06,LANDSAT_7,"{""type"":""MultiPoint"",""coordinates"":[]}"
1_1_2_LE07_019031_20120422,265.47928556,2012-04-22,LANDSAT_7,"{""type"":""MultiPoint"",""coordinates"":[]}"
1_1_2_LE07_019031_20120508,282.39506654,2012-05-08,LANDSAT_7,"{""type"":""MultiPoint"",""coordinates"":[]}"
1_1_2_LE07_019031_20120524,288.3330409749995,2012-05-24,LANDSAT_7,"{""type"":""MultiPoint"",""coordinates"":[]}"
1_1_2_LE07_019031_20120609,261.97561538185573,2012-06-09,LANDSAT_7,"{""type"":""MultiPoint"",""coordinates"":[]}"
1_1_2_LE07_019031_20120625,293.753147,2012-06-25,LANDSAT_7,"{""type"":""MultiPoint"",""coordinates"":[]}"
1_1_2_LE07_019031_20120711,297.50271494000003,2012-07-11,LANDSAT_7,"{""type"":""MultiPoint"",""coordinates"":[]}"
1_1_2_LE07_019031_20120727,295.15111717999986,2012-07-27,LANDSAT_7,"{""type"":""MultiPoint"",""coordinates"":[]}"
1_1_2_LE07_019031_20120812,279.35986478000024,2012-08-12,LANDSAT_7,"{""type"":""MultiPoint"",""coordinates"":[]}"
1_1_2_LE07_019031_20120828,296.05347445999996,2012-08-28,LANDSAT_7,"{""type"":""MultiPoint"",""coordinates"":[]}"
1_1_2_LE07_019031_20120913,295.04515856,2012-09-13,LANDSAT_7,"{""type"":""MultiPoint"",""coordinates"":[]}"
1_1_2_LE07_019031_20120929,280.10157512,2012-09-29,LANDSAT_7,"{""type"":""MultiPoint"",""coordinates"":[]}"
1_1_2_LE07_019031_20121116,282.77104873999997,2012-11-16,LANDSAT_7,"{""type"":""MultiPoint"",""coordinates"":[]}"
1_1_2_LE07_019031_20121218,253.56406784,2012-12-18,LANDSAT_7,"{""type"":""MultiPoint"",""coordinates"":[]}"
1_1_2_LE07_019031_20130119,253.89219776,2013-01-19,LANDSAT_7,"{""type"":""MultiPoint"",""coordinates"":[]}"
1_1_2_LE07_019031_20130308,272.91689708,2013-03-08,LANDSAT_7,"{""type"":""MultiPoint"",""coordinates"":[]}"
1_1_2_LE07_019031_20130409,275.97602498,2013-04-09,LANDSAT_7,"{""type"":""MultiPoint"",""coordinates"":[]}"
1_1_2_LE07_019031_20130425,267.09942704,2013-04-25,LANDSAT_7,"{""type"":""MultiPoint"",""coordinates"":[]}"
1_1_2_LE07_019031_20130628,258.19548494000003,2013-06-28,LANDSAT_7,"{""type"":""MultiPoint"",""coordinates"":[]}"
1_1_2_LE07_019031_20130714,294.8810936,2013-07-14,LANDSAT_7,"{""type"":""MultiPoint"",""coordinates"":[]}"
1_1_2_LE07_019031_20130730,296.95924976000003,2013-07-30,LANDSAT_7,"{""type"":""MultiPoint"",""coordinates"":[]}"
1_1_2_LE07_019031_20130815,284.69881202,2013-08-15,LANDSAT_7,"{""type"":""MultiPoint"",""coordinates"":[]}"
1_1_2_LE07_019031_20130831,283.102468349878,2013-08-31,LANDSAT_7,"{""type"":""MultiPoint"",""coordinates"":[]}"
1_1_2_LE07_019031_20130916,290.22083802118635,2013-09-16,LANDSAT_7,"{""type"":""MultiPoint"",""coordinates"":[]}"
1_1_2_LE07_019031_20131002,292.29707048,2013-10-02,LANDSAT_7,"{""type"":""MultiPoint"",""coordinates"":[]}"
1_1_2_LE07_019031_20131018,290.1984062,2013-10-18,LANDSAT_7,"{""type"":""MultiPoint"",""coordinates"":[]}"
1_1_2_LE07_019031_20131103,285.98311950428086,2013-11-03,LANDSAT_7,"{""type"":""MultiPoint"",""coordinates"":[]}"
1_1_2_LE07_019031_20131119,262.46117390000006,2013-11-19,LANDSAT_7,"{""type"":""MultiPoint"",""coordinates"":[]}"
1_1_2_LE07_019031_20131205,229.75755854,2013-12-05,LANDSAT_7,"{""type"":""MultiPoint"",""coordinates"":[]}"
1_1_2_LE07_019031_20140106,247.39795976,2014-01-06,LANDSAT_7,"{""type"":""MultiPoint"",""coordinates"":[]}"
1_1_2_LE07_019031_20140122,258.9884655800001,2014-01-22,LANDSAT_7,"{""type"":""MultiPoint"",""coordinates"":[]}"
1_1_2_LE07_019031_20140207,253.61875616,2014-02-07,LANDSAT_7,"{""type"":""MultiPoint"",""coordinates"":[]}"
1_1_2_LE07_019031_20140223,264.52907600000003,2014-02-23,LANDSAT_7,"{""type"":""MultiPoint"",""coordinates"":[]}"
1_1_2_LE07_019031_20140311,261.1042199599999,2014-03-11,LANDSAT_7,"{""type"":""MultiPoint"",""coordinates"":[]}"
1_1_2_LE07_019031_20140412,273.93204902,2014-04-12,LANDSAT_7,"{""type"":""MultiPoint"",""coordinates"":[]}"
1_1_2_LE07_019031_20140514,264.57692828,2014-05-14,LANDSAT_7,"{""type"":""MultiPoint"",""coordinates"":[]}"
1_1_2_LE07_019031_20140530,283.3692022399999,2014-05-30,LANDSAT_7,"{""type"":""MultiPoint"",""coordinates"":[]}"
1_1_2_LE07_019031_20140615,289.94547272000005,2014-06-15,LANDSAT_7,"{""type"":""MultiPoint"",""coordinates"":[]}"
1_1_2_LE07_019031_20140701,269.46909147714285,2014-07-01,LANDSAT_7,"{""type"":""MultiPoint"",""coordinates"":[]}"
1_1_2_LE07_019031_20140717,294.7956431,2014-07-17,LANDSAT_7,"{""type"":""MultiPoint"",""coordinates"":[]}"
1_1_2_LE07_019031_20140818,292.8131915,2014-08-18,LANDSAT_7,"{""type"":""MultiPoint"",""coordinates"":[]}"
1_1_2_LE07_019031_20140903,296.39869448,2014-09-03,LANDSAT_7,"{""type"":""MultiPoint"",""coordinates"":[]}"
1_1_2_LE07_019031_20140919,291.95526848,2014-09-19,LANDSAT_7,"{""type"":""MultiPoint"",""coordinates"":[]}"
1_1_2_LE07_019031_20141208,251.0443317630678,2014-12-08,LANDSAT_7,"{""type"":""MultiPoint"",""coordinates"":[]}"
1_1_2_LE07_019031_20150109,263.9138324,2015-01-09,LANDSAT_7,"{""type"":""MultiPoint"",""coordinates"":[]}"
1_1_2_LE07_019031_20150330,272.53597638027196,2015-03-30,LANDSAT_7,"{""type"":""MultiPoint"",""coordinates"":[]}"
1_1_2_LE07_019031_20150415,268.4939792,2015-04-15,LANDSAT_7,"{""type"":""MultiPoint"",""coordinates"":[]}"
1_1_2_LE07_019031_20150501,277.08004544,2015-05-01,LANDSAT_7,"{""type"":""MultiPoint"",""coordinates"":[]}"
1_1_2_LE07_019031_20150517,284.5415831,2015-05-17,LANDSAT_7,"{""type"":""MultiPoint"",""coordinates"":[]}"
1_1_2_LE07_019031_20150602,282.8872614200001,2015-06-02,LANDSAT_7,"{""type"":""MultiPoint"",""coordinates"":[]}"
1_1_2_LE07_019031_20150618,150.00147986,2015-06-18,LANDSAT_7,"{""type"":""MultiPoint"",""coordinates"":[]}"
1_1_2_LE07_019031_20150704,292.49873365999997,2015-07-04,LANDSAT_7,"{""type"":""MultiPoint"",""coordinates"":[]}"
1_1_2_LE07_019031_20150720,295.27416589999996,2015-07-20,LANDSAT_7,"{""type"":""MultiPoint"",""coordinates"":[]}"
1_1_2_LE07_019031_20150805,295.73218058,2015-08-05,LANDSAT_7,"{""type"":""MultiPoint"",""coordinates"":[]}"
1_1_2_LE07_019031_20150821,295.87231940000004,2015-08-21,LANDSAT_7,"{""type"":""MultiPoint"",""coordinates"":[]}"
1_1_2_LE07_019031_20150906,296.95924976000003,2015-09-06,LANDSAT_7,"{""type"":""MultiPoint"",""coordinates"":[]}"
1_1_2_LE07_019031_20150922,293.81467136000003,2015-09-22,LANDSAT_7,"{""type"":""MultiPoint"",""coordinates"":[]}"
1_1_2_LE07_019031_20151008,290.5914785,2015-10-08,LANDSAT_7,"{""type"":""MultiPoint"",""coordinates"":[]}"
1_1_2_LE07_019031_20151024,150.00147986,2015-10-24,LANDSAT_7,"{""type"":""MultiPoint"",""coordinates"":[]}"
1_1_2_LE07_019031_20151109,286.233503,2015-11-09,LANDSAT_7,"{""type"":""MultiPoint"",""coordinates"":[]}"
1_1_2_LE07_019031_20151125,282.81890102,2015-11-25,LANDSAT_7,"{""type"":""MultiPoint"",""coordinates"":[]}"
1_1_2_LE07_019031_20151211,281.22952172,2015-12-11,LANDSAT_7,"{""type"":""MultiPoint"",""coordinates"":[]}"
1_1_2_LE07_019031_20160112,252.75399710000005,2016-01-12,LANDSAT_7,"{""type"":""MultiPoint"",""coordinates"":[]}"
1_1_2_LE07_019031_20160128,273.9115409,2016-01-28,LANDSAT_7,"{""type"":""MultiPoint"",""coordinates"":[]}"
1_1_2_LE07_019031_20160213,271.6727378,2016-02-13,LANDSAT_7,"{""type"":""MultiPoint"",""coordinates"":[]}"
1_1_2_LE07_019031_20160229,266.24492204000006,2016-02-29,LANDSAT_7,"{""type"":""MultiPoint"",""coordinates"":[]}"
1_1_2_LE07_019031_20160316,257.47428272,2016-03-16,LANDSAT_7,"{""type"":""MultiPoint"",""coordinates"":[]}"
1_1_2_LE07_019031_20160417,277.24752842,2016-04-17,LANDSAT_7,"{""type"":""MultiPoint"",""coordinates"":[]}"
1_1_2_LE07_019031_20160503,279.60938024,2016-05-03,LANDSAT_7,"{""type"":""MultiPoint"",""coordinates"":[]}"
1_1_2_LE07_019031_20160519,283.25298956,2016-05-19,LANDSAT_7,"{""type"":""MultiPoint"",""coordinates"":[]}"
1_1_2_LE07_019031_20160620,291.8048756,2016-06-20,LANDSAT_7,"{""type"":""MultiPoint"",""coordinates"":[]}"
1_1_2_LE07_019031_20160706,292.5529495524591,2016-07-06,LANDSAT_7,"{""type"":""MultiPoint"",""coordinates"":[]}"
1_1_2_LE07_019031_20160722,295.14769916,2016-07-22,LANDSAT_7,"{""type"":""MultiPoint"",""coordinates"":[]}"
1_1_2_LE07_019031_20160807,298.0598522,2016-08-07,LANDSAT_7,"{""type"":""MultiPoint"",""coordinates"":[]}"
1_1_2_LE07_019031_20160823,296.2824818,2016-08-23,LANDSAT_7,"{""type"":""MultiPoint"",""coordinates"":[]}"
1_1_2_LE07_019031_20160924,295.17162529999996,2016-09-24,LANDSAT_7,"{""type"":""MultiPoint"",""coordinates"":[]}"
1_1_2_LE07_019031_20161010,291.47674568,2016-10-10,LANDSAT_7,"{""type"":""MultiPoint"",""coordinates"":[]}"
1_1_2_LE07_019031_20161111,286.6060671799999,2016-11-11,LANDSAT_7,"{""type"":""MultiPoint"",""coordinates"":[]}"
1_1_2_LE07_019031_20161127,271.74451622,2016-11-27,LANDSAT_7,"{""type"":""MultiPoint"",""coordinates"":[]}"
1_1_2_LE07_019031_20170130,259.6413074,2017-01-30,LANDSAT_7,"{""type"":""MultiPoint"",""coordinates"":[]}"
1_1_2_LE07_019031_20170420,275.52258256971874,2017-04-20,LANDSAT_7,"{""type"":""MultiPoint"",""coordinates"":[]}"
1_1_2_LE07_019031_20170522,261.00851539999996,2017-05-22,LANDSAT_7,"{""type"":""MultiPoint"",""coordinates"":[]}"
1_1_2_LE07_019031_20170607,286.6661211306035,2017-06-07,LANDSAT_7,"{""type"":""MultiPoint"",""coordinates"":[]}"
1_1_2_LE07_019031_20170709,294.66575834,2017-07-09,LANDSAT_7,"{""type"":""MultiPoint"",""coordinates"":[]}"
1_1_2_LE07_019031_20170725,294.76146289999997,2017-07-25,LANDSAT_7,"{""type"":""MultiPoint"",""coordinates"":[]}"
1_1_2_LE07_019031_20170810,286.47960044,2017-08-10,LANDSAT_7,"{""type"":""MultiPoint"",""coordinates"":[]}"
1_1_2_LE07_019031_20170826,295.86890138,2017-08-26,LANDSAT_7,"{""type"":""MultiPoint"",""coordinates"":[]}"
1_1_2_LE07_019031_20170911,291.13152565999997,2017-09-11,LANDSAT_7,"{""type"":""MultiPoint"",""coordinates"":[]}"
1_1_2_LE07_019031_20170927,296.55250537999996,2017-09-27,LANDSAT_7,"{""type"":""MultiPoint"",""coordinates"":[]}"
1_1_2_LE07_019031_20171114,271.52234492,2017-11-14,LANDSAT_7,"{""type"":""MultiPoint"",""coordinates"":[]}"
1_1_2_LE07_019031_20180101,248.04054752000002,2018-01-01,LANDSAT_7,"{""type"":""MultiPoint"",""coordinates"":[]}"
1_1_2_LE07_019031_20180117,261.3639894799999,2018-01-17,LANDSAT_7,"{""type"":""MultiPoint"",""coordinates"":[]}"
1_1_2_LE07_019031_20180218,263.47974386,2018-02-18,LANDSAT_7,"{""type"":""MultiPoint"",""coordinates"":[]}"
1_1_2_LE07_019031_20180306,259.67206957999997,2018-03-06,LANDSAT_7,"{""type"":""MultiPoint"",""coordinates"":[]}"
1_1_2_LE07_019031_20180322,256.66079396,2018-03-22,LANDSAT_7,"{""type"":""MultiPoint"",""coordinates"":[]}"
1_1_2_LE07_019031_20180407,274.2020726,2018-04-07,LANDSAT_7,"{""type"":""MultiPoint"",""coordinates"":[]}"
1_1_2_LE07_019031_20180423,272.1034083199997,2018-04-23,LANDSAT_7,"{""type"":""MultiPoint"",""coordinates"":[]}"
1_1_2_LE07_019031_20180509,274.43107994,2018-05-09,LANDSAT_7,"{""type"":""MultiPoint"",""coordinates"":[]}"
1_1_2_LE07_019031_20180525,283.42730858000004,2018-05-25,LANDSAT_7,"{""type"":""MultiPoint"",""coordinates"":[]}"
1_1_2_LE07_019031_20180626,277.40475734,2018-06-26,LANDSAT_7,"{""type"":""MultiPoint"",""coordinates"":[]}"
1_1_2_LE07_019031_20180712,219.69429968247275,2018-07-12,LANDSAT_7,"{""type"":""MultiPoint"",""coordinates"":[]}"
1_1_2_LE07_019031_20180728,295.33227223999984,2018-07-28,LANDSAT_7,"{""type"":""MultiPoint"",""coordinates"":[]}"
1_1_2_LE07_019031_20180813,296.1673172669068,2018-08-13,LANDSAT_7,"{""type"":""MultiPoint"",""coordinates"":[]}"
1_1_2_LE07_019031_20180829,298.8301237245928,2018-08-29,LANDSAT_7,"{""type"":""MultiPoint"",""coordinates"":[]}"
1_1_2_LE07_019031_20180914,296.058179576673,2018-09-14,LANDSAT_7,"{""type"":""MultiPoint"",""coordinates"":[]}"
1_1_2_LE07_019031_20180930,270.58580744,2018-09-30,LANDSAT_7,"{""type"":""MultiPoint"",""coordinates"":[]}"
1_1_2_LE07_019031_20181016,286.56505094,2018-10-16,LANDSAT_7,"{""type"":""MultiPoint"",""coordinates"":[]}"
1_1_2_LE07_019031_20181219,264.18385598,2018-12-19,LANDSAT_7,"{""type"":""MultiPoint"",""coordinates"":[]}"
1_1_2_LE07_019031_20190104,276.20161429999996,2019-01-04,LANDSAT_7,"{""type"":""MultiPoint"",""coordinates"":[]}"
1_1_2_LE07_019031_20190120,273.83976247999954,2019-01-20,LANDSAT_7,"{""type"":""MultiPoint"",""coordinates"":[]}"
1_1_2_LE07_019031_20190221,267.37628666,2019-02-21,LANDSAT_7,"{""type"":""MultiPoint"",""coordinates"":[]}"
1_1_2_LE07_019031_20190309,269.39633648,2019-03-09,LANDSAT_7,"{""type"":""MultiPoint"",""coordinates"":[]}"
1_1_2_LE07_019031_20190325,273.9696472400001,2019-03-25,LANDSAT_7,"{""type"":""MultiPoint"",""coordinates"":[]}"
1_1_2_LE07_019031_20190528,271.14845701663234,2019-05-28,LANDSAT_7,"{""type"":""MultiPoint"",""coordinates"":[]}"
1_1_2_LE07_019031_20190629,268.3421315962311,2019-06-29,LANDSAT_7,"{""type"":""MultiPoint"",""coordinates"":[]}"
1_1_2_LE07_019031_20190715,292.41670118,2019-07-15,LANDSAT_7,"{""type"":""MultiPoint"",""coordinates"":[]}"
1_1_2_LE07_019031_20190731,291.61688449999997,2019-07-31,LANDSAT_7,"{""type"":""MultiPoint"",""coordinates"":[]}"
1_1_2_LE07_019031_20190816,262.03050337999974,2019-08-16,LANDSAT_7,"{""type"":""MultiPoint"",""coordinates"":[]}"
1_1_2_LE07_019031_20190901,150.00147986,2019-09-01,LANDSAT_7,"{""type"":""MultiPoint"",""coordinates"":[]}"
1_1_2_LE07_019031_20190917,293.0182727,2019-09-17,LANDSAT_7,"{""type"":""MultiPoint"",""coordinates"":[]}"
1_1_2_LE07_019031_20191003,286.43858420000004,2019-10-03,LANDSAT_7,"{""type"":""MultiPoint"",""coordinates"":[]}"
1_1_2_LE07_019031_20191019,288.49965025999995,2019-10-19,LANDSAT_7,"{""type"":""MultiPoint"",""coordinates"":[]}"
1_1_2_LE07_019031_20191104,247.1318228717379,2019-11-04,LANDSAT_7,"{""type"":""MultiPoint"",""coordinates"":[]}"
1_1_2_LE07_019031_20191120,267.43439299999994,2019-11-20,LANDSAT_7,"{""type"":""MultiPoint"",""coordinates"":[]}"
1_1_2_LE07_019031_20191222,275.87348438,2019-12-22,LANDSAT_7,"{""type"":""MultiPoint"",""coordinates"":[]}"
1_1_2_LE07_019031_20200107,261.98606912,2020-01-07,LANDSAT_7,"{""type"":""MultiPoint"",""coordinates"":[]}"
1_1_2_LE07_019031_20200224,265.21951604000003,2020-02-24,LANDSAT_7,"{""type"":""MultiPoint"",""coordinates"":[]}"
1_1_2_LE07_019031_20200311,255.61487984000001,2020-03-11,LANDSAT_7,"{""type"":""MultiPoint"",""coordinates"":[]}"
1_1_2_LE07_019031_20200327,270.94128152,2020-03-27,LANDSAT_7,"{""type"":""MultiPoint"",""coordinates"":[]}"
1_1_2_LE07_019031_20200428,266.57305196,2020-04-28,LANDSAT_7,"{""type"":""MultiPoint"",""coordinates"":[]}"
1_1_2_LE07_019031_20200530,284.86629500000004,2020-05-30,LANDSAT_7,"{""type"":""MultiPoint"",""coordinates"":[]}"
1_1_2_LE07_019031_20200615,288.58168274,2020-06-15,LANDSAT_7,"{""type"":""MultiPoint"",""coordinates"":[]}"
1_1_2_LE07_019031_20200701,294.42649694,2020-07-01,LANDSAT_7,"{""type"":""MultiPoint"",""coordinates"":[]}"
1_1_2_LE07_019031_20200717,296.3679323,2020-07-17,LANDSAT_7,"{""type"":""MultiPoint"",""coordinates"":[]}"
1_1_2_LE07_019031_20200818,296.2824818,2020-08-18,LANDSAT_7,"{""type"":""MultiPoint"",""coordinates"":[]}"
1_1_2_LE07_019031_20200903,254.96444010304566,2020-09-03,LANDSAT_7,"{""type"":""MultiPoint"",""coordinates"":[]}"
1_1_2_LE07_019031_20200919,291.66473678,2020-09-19,LANDSAT_7,"{""type"":""MultiPoint"",""coordinates"":[]}"
1_1_2_LE07_019031_20201005,291.00505892,2020-10-05,LANDSAT_7,"{""type"":""MultiPoint"",""coordinates"":[]}"
1_1_2_LE07_019031_20201106,285.33456374,2020-11-06,LANDSAT_7,"{""type"":""MultiPoint"",""coordinates"":[]}"
1_1_2_LE07_019031_20201208,277.7568133999998,2020-12-08,LANDSAT_7,"{""type"":""MultiPoint"",""coordinates"":[]}"
1_1_2_LE07_019031_20210109,276.07172953999986,2021-01-09,LANDSAT_7,"{""type"":""MultiPoint"",""coordinates"":[]}"
1_1_2_LE07_019031_20210226,249.63676285999998,2021-02-26,LANDSAT_7,"{""type"":""MultiPoint"",""coordinates"":[]}"
1_1_2_LE07_019031_20210314,273.9115409,2021-03-14,LANDSAT_7,"{""type"":""MultiPoint"",""coordinates"":[]}"
1_1_2_LE07_019031_20210330,275.35394534,2021-03-30,LANDSAT_7,"{""type"":""MultiPoint"",""coordinates"":[]}"
1_1_2_LE07_019031_20210501,279.95460026,2021-05-01,LANDSAT_7,"{""type"":""MultiPoint"",""coordinates"":[]}"
1_1_2_LE07_019031_20210517,257.15298884,2021-05-17,LANDSAT_7,"{""type"":""MultiPoint"",""coordinates"":[]}"
1_1_2_LE07_019031_20210704,294.105471571327,2021-07-04,LANDSAT_7,"{""type"":""MultiPoint"",""coordinates"":[]}"
1_1_2_LE07_019031_20210720,295.43139482000004,2021-07-20,LANDSAT_7,"{""type"":""MultiPoint"",""coordinates"":[]}"
1_1_2_LE07_019031_20210805,295.40746867999997,2021-08-05,LANDSAT_7,"{""type"":""MultiPoint"",""coordinates"":[]}"
1_1_2_LE07_019031_20210821,298.10770448,2021-08-21,LANDSAT_7,"{""type"":""MultiPoint"",""coordinates"":[]}"
1_1_2_LE07_019031_20210906,296.48072695999997,2021-09-06,LANDSAT_7,"{""type"":""MultiPoint"",""coordinates"":[]}"
1_1_2_LE07_019031_20211024,243.81245678,2021-10-24,LANDSAT_7,"{""type"":""MultiPoint"",""coordinates"":[]}"
1_1_2_LE07_019031_20211109,278.1713615064904,2021-11-09,LANDSAT_7,"{""type"":""MultiPoint"",""coordinates"":[]}"
1_1_2_LE07_019031_20211211,279.32226656,2021-12-11,LANDSAT_7,"{""type"":""MultiPoint"",""coordinates"":[]}"
1_1_2_LE07_019031_20220317,273.33047750000003,2022-03-17,LANDSAT_7,"{""type"":""MultiPoint"",""coordinates"":[]}"
1_1_2_LE07_019031_20220402,273.7235498,2022-04-02,LANDSAT_7,"{""type"":""MultiPoint"",""coordinates"":[]}"
1_1_2_LE07_019031_20220707,293.99582641999996,2022-07-07,LANDSAT_7,"{""type"":""MultiPoint"",""coordinates"":[]}"
1_1_2_LE07_019031_20220724,150.00147986,2022-07-24,LANDSAT_7,"{""type"":""MultiPoint"",""coordinates"":[]}"
1_1_2_LE07_019031_20220810,285.2137140258741,2022-08-10,LANDSAT_7,"{""type"":""MultiPoint"",""coordinates"":[]}"
1_1_2_LE07_019031_20220827,296.15259704,2022-08-27,LANDSAT_7,"{""type"":""MultiPoint"",""coordinates"":[]}"
1_1_2_LE07_019031_20220913,201.4260372374278,2022-09-13,LANDSAT_7,"{""type"":""MultiPoint"",""coordinates"":[]}"
1_1_2_LE07_019031_20220930,290.72478128,2022-09-30,LANDSAT_7,"{""type"":""MultiPoint"",""coordinates"":[]}"
1_1_2_LE07_019031_20221103,286.15147052,2022-11-03,LANDSAT_7,"{""type"":""MultiPoint"",""coordinates"":[]}"
1_1_2_LE07_019031_20230201,273.88761476,2023-02-01,LANDSAT_7,"{""type"":""MultiPoint"",""coordinates"":[]}"
1_1_2_LE07_019031_20230403,275.80512397999996,2023-04-03,LANDSAT_7,"{""type"":""MultiPoint"",""coordinates"":[]}"
1_1_2_LE07_019031_20230608,270.5311191199999,2023-06-08,LANDSAT_7,"{""type"":""MultiPoint"",""coordinates"":[]}"
1_1_2_LE07_019031_20230630,290.67391847497504,2023-06-30,LANDSAT_7,"{""type"":""MultiPoint"",""coordinates"":[]}"
1_1_2_LE07_019031_20230722,295.18187936,2023-07-22,LANDSAT_7,"{""type"":""MultiPoint"",""coordinates"":[]}"
1_1_2_LE07_019031_20230818,296.34742417999996,2023-08-18,LANDSAT_7,"{""type"":""MultiPoint"",""coordinates"":[]}"
1_1_2_LE07_019031_20231006,292.97042042,2023-10-06,LANDSAT_7,"{""type"":""MultiPoint"",""coordinates"":[]}"
1_1_2_LE07_019031_20231107,272.61952934,2023-11-07,LANDSAT_7,"{""type"":""MultiPoint"",""coordinates"":[]}"
1_2_LC08_018031_20130405,274.90618472,2013-04-05,LANDSAT_8,"{""type"":""MultiPoint"",""coordinates"":[]}"
1_2_LC08_018031_20130426,278.4814336399999,2013-04-26,LANDSAT_8,"{""type"":""MultiPoint"",""coordinates"":[]}"
1_2_LC08_018031_20130512,261.66910497035565,2013-05-12,LANDSAT_8,"{""type"":""MultiPoint"",""coordinates"":[]}"
1_2_LC08_018031_20130528,187.92441176,2013-05-28,LANDSAT_8,"{""type"":""MultiPoint"",""coordinates"":[]}"
1_2_LC08_018031_20130629,286.7393699599999,2013-06-29,LANDSAT_8,"{""type"":""MultiPoint"",""coordinates"":[]}"
1_2_LC08_018031_20130715,271.43005838,2013-07-15,LANDSAT_8,"{""type"":""MultiPoint"",""coordinates"":[]}"
1_2_LC08_018031_20130731,290.51286403999995,2013-07-31,LANDSAT_8,"{""type"":""MultiPoint"",""coordinates"":[]}"
1_2_LC08_018031_20130816,294.42991496,2013-08-16,LANDSAT_8,"{""type"":""MultiPoint"",""coordinates"":[]}"
1_2_LC08_018031_20130901,280.24399112871725,2013-09-01,LANDSAT_8,"{""type"":""MultiPoint"",""coordinates"":[]}"
1_2_LC08_018031_20130917,293.81467136,2013-09-17,LANDSAT_8,"{""type"":""MultiPoint"",""coordinates"":[]}"
1_2_LC08_018031_20131003,253.83710040596972,2013-10-03,LANDSAT_8,"{""type"":""MultiPoint"",""coordinates"":[]}"
1_2_LC08_018031_20131104,241.81633310000004,2013-11-04,LANDSAT_8,"{""type"":""MultiPoint"",""coordinates"":[]}"
1_2_LC08_018031_20131120,281.0517846799999,2013-11-20,LANDSAT_8,"{""type"":""MultiPoint"",""coordinates"":[]}"
1_2_LC08_018031_20140107,255.3528911928473,2014-01-07,LANDSAT_8,"{""type"":""MultiPoint"",""coordinates"":[]}"
1_2_LC08_018031_20140208,253.50937951999998,2014-02-08,LANDSAT_8,"{""type"":""MultiPoint"",""coordinates"":[]}"
1_2_LC08_018031_20140413,241.83606887894229,2014-04-13,LANDSAT_8,"{""type"":""MultiPoint"",""coordinates"":[]}"
1_2_LC08_018031_20140531,286.68468164,2014-05-31,LANDSAT_8,"{""type"":""MultiPoint"",""coordinates"":[]}"
1_2_LC08_018031_20140616,289.95572677999996,2014-06-16,LANDSAT_8,"{""type"":""MultiPoint"",""coordinates"":[]}"
1_2_LC08_018031_20140702,276.0648935,2014-07-02,LANDSAT_8,"{""type"":""MultiPoint"",""coordinates"":[]}"
1_2_LC08_018031_20140718,290.74870741999996,2014-07-18,LANDSAT_8,"{""type"":""MultiPoint"",""coordinates"":[]}"
1_2_LC08_018031_20140819,288.81581711,2014-08-19,LANDSAT_8,"{""type"":""MultiPoint"",""coordinates"":[]}"
1_2_LC08_018031_20140904,294.65037725,2014-09-04,LANDSAT_8,"{""type"":""MultiPoint"",""coordinates"":[]}"
1_2_LC08_018031_20140920,255.3626331834851,2014-09-20,LANDSAT_8,"{""type"":""MultiPoint"",""coordinates"":[]}"
1_2_LC08_018031_20141006,239.64930544003485,2014-10-06,LANDSAT_8,"{""type"":""MultiPoint"",""coordinates"":[]}"
1_2_LC08_018031_20141123,235.57161056,2014-11-23,LANDSAT_8,"{""type"":""MultiPoint"",""coordinates"":[]}"
1_2_LC08_018031_20141209,267.07208288,2014-12-09,LANDSAT_8,"{""type"":""MultiPoint"",""coordinates"":[]}"
1_2_LC08_018031_20150110,254.72106761,2015-01-10,LANDSAT_8,"{""type"":""MultiPoint"",""coordinates"":[]}"
1_2_LC08_018031_20150227,261.7247360376595,2015-02-27,LANDSAT_8,"{""type"":""MultiPoint"",""coordinates"":[]}"
1_2_LC08_018031_20150416,272.17860476000004,2015-04-16,LANDSAT_8,"{""type"":""MultiPoint"",""coordinates"":[]}"
1_2_LC08_018031_20150502,273.74405792,2015-05-02,LANDSAT_8,"{""type"":""MultiPoint"",""coordinates"":[]}"
1_2_LC08_018031_20150518,267.10284506,2015-05-18,LANDSAT_8,"{""type"":""MultiPoint"",""coordinates"":[]}"
1_2_LC08_018031_20150603,283.9229214799999,2015-06-03,LANDSAT_8,"{""type"":""MultiPoint"",""coordinates"":[]}"
1_2_LC08_018031_20150619,251.86189388000003,2015-06-19,LANDSAT_8,"{""type"":""MultiPoint"",""coordinates"":[]}"
1_2_LC08_018031_20150705,289.91812856,2015-07-05,LANDSAT_8,"{""type"":""MultiPoint"",""coordinates"":[]}"
1_2_LC08_018031_20150721,296.48072695999997,2015-07-21,LANDSAT_8,"{""type"":""MultiPoint"",""coordinates"":[]}"
1_2_LC08_018031_20150806,291.69208094,2015-08-06,LANDSAT_8,"{""type"":""MultiPoint"",""coordinates"":[]}"
1_2_LC08_018031_20150822,296.30982595999996,2015-08-22,LANDSAT_8,"{""type"":""MultiPoint"",""coordinates"":[]}"
1_2_LC08_018031_20150907,297.20876522000003,2015-09-07,LANDSAT_8,"{""type"":""MultiPoint"",""coordinates"":[]}"
1_2_LC08_018031_20150923,294.9494539999999,2015-09-23,LANDSAT_8,"{""type"":""MultiPoint"",""coordinates"":[]}"
1_2_LC08_018031_20151025,287.94593102,2015-10-25,LANDSAT_8,"{""type"":""MultiPoint"",""coordinates"":[]}"
1_2_LC08_018031_20151126,261.48453189035564,2015-11-26,LANDSAT_8,"{""type"":""MultiPoint"",""coordinates"":[]}"
1_2_LC08_018031_20160113,253.10263514000002,2016-01-13,LANDSAT_8,"{""type"":""MultiPoint"",""coordinates"":[]}"
1_2_LC08_018031_20160214,252.54289288417476,2016-02-14,LANDSAT_8,"{""type"":""MultiPoint"",""coordinates"":[]}"
1_2_LC08_018031_20160301,253.81700131999997,2016-03-01,LANDSAT_8,"{""type"":""MultiPoint"",""coordinates"":[]}"
1_2_LC08_018031_20160317,274.77629996,2016-03-17,LANDSAT_8,"{""type"":""MultiPoint"",""coordinates"":[]}"
1_2_LC08_018031_20160402,249.98717040592922,2016-04-02,LANDSAT_8,"{""type"":""MultiPoint"",""coordinates"":[]}"
1_2_LC08_018031_20160418,278.15330372,2016-04-18,LANDSAT_8,"{""type"":""MultiPoint"",""coordinates"":[]}"
1_2_LC08_018031_20160504,257.29184117276753,2016-05-04,LANDSAT_8,"{""type"":""MultiPoint"",""coordinates"":[]}"
1_2_LC08_018031_20160520,280.18702562,2016-05-20,LANDSAT_8,"{""type"":""MultiPoint"",""coordinates"":[]}"
1_2_LC08_018031_20160605,286.283918795,2016-06-05,LANDSAT_8,"{""type"":""MultiPoint"",""coordinates"":[]}"
1_2_LC08_018031_20160621,294.42649694,2016-06-21,LANDSAT_8,"{""type"":""MultiPoint"",""coordinates"":[]}"
1_2_LC08_018031_20160707,268.89730555999995,2016-07-07,LANDSAT_8,"{""type"":""MultiPoint"",""coordinates"":[]}"
1_2_LC08_018031_20160723,297.80691871999994,2016-07-23,LANDSAT_8,"{""type"":""MultiPoint"",""coordinates"":[]}"
1_2_LC08_018031_20160808,299.12627444,2016-08-08,LANDSAT_8,"{""type"":""MultiPoint"",""coordinates"":[]}"
1_2_LC08_018031_20160824,298.15897478,2016-08-24,LANDSAT_8,"{""type"":""MultiPoint"",""coordinates"":[]}"
1_2_LC08_018031_20160909,297.6667799,2016-09-09,LANDSAT_8,"{""type"":""MultiPoint"",""coordinates"":[]}"
1_2_LC08_018031_20160925,294.30344822,2016-09-25,LANDSAT_8,"{""type"":""MultiPoint"",""coordinates"":[]}"
1_2_LC08_018031_20161011,261.70725877743024,2016-10-11,LANDSAT_8,"{""type"":""MultiPoint"",""coordinates"":[]}"
1_2_LC08_018031_20161112,286.82482045999996,2016-11-12,LANDSAT_8,"{""type"":""MultiPoint"",""coordinates"":[]}"
1_2_LC08_018031_20161128,249.13773193999998,2016-11-28,LANDSAT_8,"{""type"":""MultiPoint"",""coordinates"":[]}"
1_2_LC08_018031_20161214,258.99373339800917,2016-12-14,LANDSAT_8,"{""type"":""MultiPoint"",""coordinates"":[]}"
1_2_LC08_018031_20170115,269.7825727399999,2017-01-15,LANDSAT_8,"{""type"":""MultiPoint"",""coordinates"":[]}"
1_2_LC08_018031_20170304,254.4630071,2017-03-04,LANDSAT_8,"{""type"":""MultiPoint"",""coordinates"":[]}"
1_2_LC08_018031_20170405,242.54095334,2017-04-05,LANDSAT_8,"{""type"":""MultiPoint"",""coordinates"":[]}"
1_2_LC08_018031_20170421,270.12437474,2017-04-21,LANDSAT_8,"{""type"":""MultiPoint"",""coordinates"":[]}"
1_2_LC08_018031_20170507,280.47072128,2017-05-07,LANDSAT_8,"{""type"":""MultiPoint"",""coordinates"":[]}"
1_2_LC08_018031_20170523,268.04052188000003,2017-05-23,LANDSAT_8,"{""type"":""MultiPoint"",""coordinates"":[]}"
1_2_LC08_018031_20170608,280.23658690999997,2017-06-08,LANDSAT_8,"{""type"":""MultiPoint"",""coordinates"":[]}"
1_2_LC08_018031_20170624,293.51388560000004,2017-06-24,LANDSAT_8,"{""type"":""MultiPoint"",""coordinates"":[]}"
1_2_LC08_018031_20170710,150.00147986,2017-07-10,LANDSAT_8,"{""type"":""MultiPoint"",""coordinates"":[]}"
1_2_LC08_018031_20170726,249.7119593,2017-07-26,LANDSAT_8,"{""type"":""MultiPoint"",""coordinates"":[]}"
1_2_LC08_018031_20170827,293.86594166,2017-08-27,LANDSAT_8,"{""type"":""MultiPoint"",""coordinates"":[]}"
1_2_LC08_018031_20170912,271.10534648,2017-09-12,LANDSAT_8,"{""type"":""MultiPoint"",""coordinates"":[]}"
1_2_LC08_018031_20170928,294.11108158213466,2017-09-28,LANDSAT_8,"{""type"":""MultiPoint"",""coordinates"":[]}"
1_2_LC08_018031_20171014,277.54147814,2017-10-14,LANDSAT_8,"{""type"":""MultiPoint"",""coordinates"":[]}"
1_2_LC08_018031_20171115,216.3520841,2017-11-15,LANDSAT_8,"{""type"":""MultiPoint"",""coordinates"":[]}"
1_2_LC08_018031_20171201,281.5234714399999,2017-12-01,LANDSAT_8,"{""type"":""MultiPoint"",""coordinates"":[]}"
1_2_LC08_018031_20180102,252.34725272,2018-01-02,LANDSAT_8,"{""type"":""MultiPoint"",""coordinates"":[]}"
1_2_LC08_018031_20180118,264.52907600000003,2018-01-18,LANDSAT_8,"{""type"":""MultiPoint"",""coordinates"":[]}"
1_2_LC08_018031_20180203,258.547541,2018-02-03,LANDSAT_8,"{""type"":""MultiPoint"",""coordinates"":[]}"
1_2_LC08_018031_20180323,273.38516582000005,2018-03-23,LANDSAT_8,"{""type"":""MultiPoint"",""coordinates"":[]}"
1_2_LC08_018031_20180408,274.7660459,2018-04-08,LANDSAT_8,"{""type"":""MultiPoint"",""coordinates"":[]}"
1_2_LC08_018031_20180424,211.50362273000002,2018-04-24,LANDSAT_8,"{""type"":""MultiPoint"",""coordinates"":[]}"
1_2_LC08_018031_20180510,280.26222206,2018-05-10,LANDSAT_8,"{""type"":""MultiPoint"",""coordinates"":[]}"
1_2_LC08_018031_20180526,211.56856511,2018-05-26,LANDSAT_8,"{""type"":""MultiPoint"",""coordinates"":[]}"
1_2_LC08_018031_20180611,287.9937833,2018-06-11,LANDSAT_8,"{""type"":""MultiPoint"",""coordinates"":[]}"
1_2_LC08_018031_20180713,291.25457438,2018-07-13,LANDSAT_8,"{""type"":""MultiPoint"",""coordinates"":[]}"
1_2_LC08_018031_20180729,293.62155323,2018-07-29,LANDSAT_8,"{""type"":""MultiPoint"",""coordinates"":[]}"
1_2_LC08_018031_20180814,299.19463484,2018-08-14,LANDSAT_8,"{""type"":""MultiPoint"",""coordinates"":[]}"
1_2_LC08_018031_20180830,265.2424688873094,2018-08-30,LANDSAT_8,"{""type"":""MultiPoint"",""coordinates"":[]}"
1_2_LC08_018031_20180915,296.79860282,2018-09-15,LANDSAT_8,"{""type"":""MultiPoint"",""coordinates"":[]}"
1_2_LC08_018031_20181001,204.25400230999998,2018-10-01,LANDSAT_8,"{""type"":""MultiPoint"",""coordinates"":[]}"
1_2_LC08_018031_20181017,288.09740324417874,2018-10-17,LANDSAT_8,"{""type"":""MultiPoint"",""coordinates"":[]}"
1_2_LC08_018031_20190105,274.7318657,2019-01-05,LANDSAT_8,"{""type"":""MultiPoint"",""coordinates"":[]}"
1_2_LC08_018031_20190121,254.857863018895,2019-01-21,LANDSAT_8,"{""type"":""MultiPoint"",""coordinates"":[]}"
1_2_LC08_018031_20190222,268.4895508812707,2019-02-22,LANDSAT_8,"{""type"":""MultiPoint"",""coordinates"":[]}"
1_2_LC08_018031_20190326,274.18156448,2019-03-26,LANDSAT_8,"{""type"":""MultiPoint"",""coordinates"":[]}"
1_2_LC08_018031_20190411,232.56717098000001,2019-04-11,LANDSAT_8,"{""type"":""MultiPoint"",""coordinates"":[]}"
1_2_LC08_018031_20190427,267.61554806,2019-04-27,LANDSAT_8,"{""type"":""MultiPoint"",""coordinates"":[]}"
1_2_LC08_018031_20190614,285.73618108999995,2019-06-14,LANDSAT_8,"{""type"":""MultiPoint"",""coordinates"":[]}"
1_2_LC08_018031_20190630,293.57199194,2019-06-30,LANDSAT_8,"{""type"":""MultiPoint"",""coordinates"":[]}"
1_2_LC08_018031_20190716,200.90605172,2019-07-16,LANDSAT_8,"{""type"":""MultiPoint"",""coordinates"":[]}"
1_2_LC08_018031_20190801,297.6039737825001,2019-08-01,LANDSAT_8,"{""type"":""MultiPoint"",""coordinates"":[]}"
1_2_LC08_018031_20190817,251.78327941999999,2019-08-17,LANDSAT_8,"{""type"":""MultiPoint"",""coordinates"":[]}"
1_2_LC08_018031_20190918,294.48118525999996,2019-09-18,LANDSAT_8,"{""type"":""MultiPoint"",""coordinates"":[]}"
1_2_LC08_018031_20191020,288.61244492000003,2019-10-20,LANDSAT_8,"{""type"":""MultiPoint"",""coordinates"":[]}"
1_2_LC08_018031_20191105,284.60082878000003,2019-11-05,LANDSAT_8,"{""type"":""MultiPoint"",""coordinates"":[]}"
1_2_LC08_018031_20191207,257.17843476221447,2019-12-07,LANDSAT_8,"{""type"":""MultiPoint"",""coordinates"":[]}"
1_2_LC08_018031_20191223,275.04974156000003,2019-12-23,LANDSAT_8,"{""type"":""MultiPoint"",""coordinates"":[]}"
1_2_LC08_018031_20200108,272.66086251480743,2020-01-08,LANDSAT_8,"{""type"":""MultiPoint"",""coordinates"":[]}"
1_2_LC08_018031_20200209,260.72140172,2020-02-09,LANDSAT_8,"{""type"":""MultiPoint"",""coordinates"":[]}"
1_2_LC08_018031_20200225,273.51505058000004,2020-02-25,LANDSAT_8,"{""type"":""MultiPoint"",""coordinates"":[]}"
1_2_LC08_018031_20200312,269.1604931,2020-03-12,LANDSAT_8,"{""type"":""MultiPoint"",""coordinates"":[]}"
1_2_LC08_018031_20200429,201.06840767,2020-04-29,LANDSAT_8,"{""type"":""MultiPoint"",""coordinates"":[]}"
1_2_LC08_018031_20200515,210.02396468518518,2020-05-15,LANDSAT_8,"{""type"":""MultiPoint"",""coordinates"":[]}"
1_2_LC08_018031_20200531,285.74472614,2020-05-31,LANDSAT_8,"{""type"":""MultiPoint"",""coordinates"":[]}"
1_2_LC08_018031_20200616,289.04995147999995,2020-06-16,LANDSAT_8,"{""type"":""MultiPoint"",""coordinates"":[]}"
1_2_LC08_018031_20200702,295.9919501,2020-07-02,LANDSAT_8,"{""type"":""MultiPoint"",""coordinates"":[]}"
1_2_LC08_018031_20200718,298.86992294000004,2020-07-18,LANDSAT_8,"{""type"":""MultiPoint"",""coordinates"":[]}"
1_2_LC08_018031_20200803,297.4104284,2020-08-03,LANDSAT_8,"{""type"":""MultiPoint"",""coordinates"":[]}"
1_2_LC08_018031_20200819,297.5847474199999,2020-08-19,LANDSAT_8,"{""type"":""MultiPoint"",""coordinates"":[]}"
1_2_LC08_018031_20200904,296.91823352,2020-09-04,LANDSAT_8,"{""type"":""MultiPoint"",""coordinates"":[]}"
1_2_LC08_018031_20200920,293.32589449999995,2020-09-20,LANDSAT_8,"{""type"":""MultiPoint"",""coordinates"":[]}"
1_2_LC08_018031_20201006,277.24752842,2020-10-06,LANDSAT_8,"{""type"":""MultiPoint"",""coordinates"":[]}"
1_2_LC08_018031_20201022,263.0402988926846,2020-10-22,LANDSAT_8,"{""type"":""MultiPoint"",""coordinates"":[]}"
1_2_LC08_018031_20210110,268.410579512,2021-01-10,LANDSAT_8,"{""type"":""MultiPoint"",""coordinates"":[]}"
1_2_LC08_018031_20210211,268.74007664,2021-02-11,LANDSAT_8,"{""type"":""MultiPoint"",""coordinates"":[]}"
1_2_LC08_018031_20210315,267.16525279341215,2021-03-15,LANDSAT_8,"{""type"":""MultiPoint"",""coordinates"":[]}"
1_2_LC08_018031_20210502,263.27466266,2021-05-02,LANDSAT_8,"{""type"":""MultiPoint"",""coordinates"":[]}"
1_2_LC08_018031_20210518,288.24671678,2021-05-18,LANDSAT_8,"{""type"":""MultiPoint"",""coordinates"":[]}"
1_2_LC08_018031_20210705,295.30151006,2021-07-05,LANDSAT_8,"{""type"":""MultiPoint"",""coordinates"":[]}"
1_2_LC08_018031_20210721,286.77924686,2021-07-21,LANDSAT_8,"{""type"":""MultiPoint"",""coordinates"":[]}"
1_2_LC08_018031_20210806,232.18891010000002,2021-08-06,LANDSAT_8,"{""type"":""MultiPoint"",""coordinates"":[]}"
1_2_LC08_018031_20210822,301.6829534,2021-08-22,LANDSAT_8,"{""type"":""MultiPoint"",""coordinates"":[]}"
1_2_LC08_018031_20210907,297.54373118000007,2021-09-07,LANDSAT_8,"{""type"":""MultiPoint"",""coordinates"":[]}"
1_2_LC08_018031_20211009,293.93126547553624,2021-10-09,LANDSAT_8,"{""type"":""MultiPoint"",""coordinates"":[]}"
1_2_LC08_018031_20211110,283.9605197,2021-11-10,LANDSAT_8,"{""type"":""MultiPoint"",""coordinates"":[]}"
1_2_LC08_018031_20211212,279.8588957,2021-12-12,LANDSAT_8,"{""type"":""MultiPoint"",""coordinates"":[]}"
1_2_LC08_018031_20220113,255.19104536,2022-01-13,LANDSAT_8,"{""type"":""MultiPoint"",""coordinates"":[]}"
1_2_LC08_018031_20220129,272.05213802000003,2022-01-29,LANDSAT_8,"{""type"":""MultiPoint"",""coordinates"":[]}"
1_2_LC08_018031_20220214,263.46265375999997,2022-02-14,LANDSAT_8,"{""type"":""MultiPoint"",""coordinates"":[]}"
1_2_LC08_018031_20220302,272.73916004,2022-03-02,LANDSAT_8,"{""type"":""MultiPoint"",""coordinates"":[]}"
1_2_LC08_018031_20220318,255.80287094,2022-03-18,LANDSAT_8,"{""type"":""MultiPoint"",""coordinates"":[]}"
1_2_LC08_018031_20220505,238.14424028,2022-05-05,LANDSAT_8,"{""type"":""MultiPoint"",""coordinates"":[]}"
1_2_LC08_018031_20220521,150.00147986,2022-05-21,LANDSAT_8,"{""type"":""MultiPoint"",""coordinates"":[]}"
1_2_LC08_018031_20220606,229.63382693106695,2022-06-06,LANDSAT_8,"{""type"":""MultiPoint"",""coordinates"":[]}"
1_2_LC08_018031_20220622,289.88394836,2022-06-22,LANDSAT_8,"{""type"":""MultiPoint"",""coordinates"":[]}"
1_2_LC08_018031_20220708,284.9555291428849,2022-07-08,LANDSAT_8,"{""type"":""MultiPoint"",""coordinates"":[]}"
1_2_LC08_018031_20220724,150.00147986,2022-07-24,LANDSAT_8,"{""type"":""MultiPoint"",""coordinates"":[]}"
1_2_LC08_018031_20220809,297.33090591308854,2022-08-09,LANDSAT_8,"{""type"":""MultiPoint"",""coordinates"":[]}"
1_2_LC08_018031_20220825,296.69606222,2022-08-25,LANDSAT_8,"{""type"":""MultiPoint"",""coordinates"":[]}"
1_2_LC08_018031_20220910,254.79113702,2022-09-10,LANDSAT_8,"{""type"":""MultiPoint"",""coordinates"":[]}"
1_2_LC08_018031_20220926,219.3257615,2022-09-26,LANDSAT_8,"{""type"":""MultiPoint"",""coordinates"":[]}"
1_2_LC08_018031_20221012,247.45264808000002,2022-10-12,LANDSAT_8,"{""type"":""MultiPoint"",""coordinates"":[]}"
1_2_LC08_018031_20221028,282.31645208,2022-10-28,LANDSAT_8,"{""type"":""MultiPoint"",""coordinates"":[]}"
1_2_LC08_018031_20230116,274.42082588,2023-01-16,LANDSAT_8,"{""type"":""MultiPoint"",""coordinates"":[]}"
1_2_LC08_018031_20230201,273.13565036,2023-02-01,LANDSAT_8,"{""type"":""MultiPoint"",""coordinates"":[]}"
1_2_LC08_018031_20230305,274.4105718199999,2023-03-05,LANDSAT_8,"{""type"":""MultiPoint"",""coordinates"":[]}"
1_2_LC08_018031_20230321,268.15559522000007,2023-03-21,LANDSAT_8,"{""type"":""MultiPoint"",""coordinates"":[]}"
1_2_LC08_018031_20230508,286.35996974,2023-05-08,LANDSAT_8,"{""type"":""MultiPoint"",""coordinates"":[]}"
1_2_LC08_018031_20230524,267.71609085109344,2023-05-24,LANDSAT_8,"{""type"":""MultiPoint"",""coordinates"":[]}"
1_2_LC08_018031_20230609,288.94741088,2023-06-09,LANDSAT_8,"{""type"":""MultiPoint"",""coordinates"":[]}"
1_2_LC08_018031_20230625,292.9601663600001,2023-06-25,LANDSAT_8,"{""type"":""MultiPoint"",""coordinates"":[]}"
1_2_LC08_018031_20230711,282.21546446055635,2023-07-11,LANDSAT_8,"{""type"":""MultiPoint"",""coordinates"":[]}"
1_2_LC08_018031_20230727,287.8912427,2023-07-27,LANDSAT_8,"{""type"":""MultiPoint"",""coordinates"":[]}"
1_2_LC08_018031_20230812,287.95276706,2023-08-12,LANDSAT_8,"{""type"":""MultiPoint"",""coordinates"":[]}"
1_2_LC08_018031_20230828,294.79906112000003,2023-08-28,LANDSAT_8,"{""type"":""MultiPoint"",""coordinates"":[]}"
1_2_LC08_018031_20230913,294.86400349999997,2023-09-13,LANDSAT_8,"{""type"":""MultiPoint"",""coordinates"":[]}"
1_2_LC08_018031_20230929,281.00905943,2023-09-29,LANDSAT_8,"{""type"":""MultiPoint"",""coordinates"":[]}"
1_2_LC08_018031_20231031,257.2710997577855,2023-10-31,LANDSAT_8,"{""type"":""MultiPoint"",""coordinates"":[]}"
1_2_LC08_018031_20231116,280.52199157999996,2023-11-16,LANDSAT_8,"{""type"":""MultiPoint"",""coordinates"":[]}"
1_2_LC08_018031_20240204,272.63320142,2024-02-04,LANDSAT_8,"{""type"":""MultiPoint"",""coordinates"":[]}"
1_2_LC08_018031_20240220,274.36955558,2024-02-20,LANDSAT_8,"{""type"":""MultiPoint"",""coordinates"":[]}"
1_2_LC08_018031_20240307,270.7840526,2024-03-07,LANDSAT_8,"{""type"":""MultiPoint"",""coordinates"":[]}"
1_2_LC08_018031_20240408,277.6200926000001,2024-04-08,LANDSAT_8,"{""type"":""MultiPoint"",""coordinates"":[]}"
1_2_LC08_018031_20240510,283.79645474,2024-05-10,LANDSAT_8,"{""type"":""MultiPoint"",""coordinates"":[]}"
1_2_LC08_018031_20240526,289.06362356,2024-05-26,LANDSAT_8,"{""type"":""MultiPoint"",""coordinates"":[]}"
1_2_LC08_018031_20240611,290.39323334,2024-06-11,LANDSAT_8,"{""type"":""MultiPoint"",""coordinates"":[]}"
1_2_LC08_018031_20240627,293.30538637999996,2024-06-27,LANDSAT_8,"{""type"":""MultiPoint"",""coordinates"":[]}"
1_2_LC08_018031_20240713,298.5041947999999,2024-07-13,LANDSAT_8,"{""type"":""MultiPoint"",""coordinates"":[]}"
1_2_LC08_018031_20240729,273.28603429230367,2024-07-29,LANDSAT_8,"{""type"":""MultiPoint"",""coordinates"":[]}"
1_2_LC08_018031_20240814,297.4958789,2024-08-14,LANDSAT_8,"{""type"":""MultiPoint"",""coordinates"":[]}"
1_2_LC08_018031_20240830,297.02761016000005,2024-08-30,LANDSAT_8,"{""type"":""MultiPoint"",""coordinates"":[]}"
1_2_LC08_018031_20240915,295.0417405399999,2024-09-15,LANDSAT_8,"{""type"":""MultiPoint"",""coordinates"":[]}"
1_2_LC08_018031_20241017,289.93863668,2024-10-17,LANDSAT_8,"{""type"":""MultiPoint"",""coordinates"":[]}"
1_2_LC08_018031_20241102,281.35257044,2024-11-02,LANDSAT_8,"{""type"":""MultiPoint"",""coordinates"":[]}"
1_2_LC08_018031_20241118,282.03788345,2024-11-18,LANDSAT_8,"{""type"":""MultiPoint"",""coordinates"":[]}"
1_2_LC08_018031_20250105,257.07437438,2025-01-05,LANDSAT_8,"{""type"":""MultiPoint"",""coordinates"":[]}"
1_2_LC08_018031_20250121,243.03428756000002,2025-01-21,LANDSAT_8,"{""type"":""MultiPoint"",""coordinates"":[]}"
1_2_LC08_018031_20250222,260.4668403074262,2025-02-22,LANDSAT_8,"{""type"":""MultiPoint"",""coordinates"":[]}"
1_2_LC08_018031_20250310,273.64493534,2025-03-10,LANDSAT_8,"{""type"":""MultiPoint"",""coordinates"":[]}"
1_2_LC08_018031_20250427,279.47949547999997,2025-04-27,LANDSAT_8,"{""type"":""MultiPoint"",""coordinates"":[]}"
1_2_LC08_018031_20250529,284.13825674,2025-05-29,LANDSAT_8,"{""type"":""MultiPoint"",""coordinates"":[]}"
1_2_LC08_018031_20250716,218.5425642180932,2025-07-16,LANDSAT_8,"{""type"":""MultiPoint"",""coordinates"":[]}"
1_2_LC08_018031_20250801,295.9816960399999,2025-08-01,LANDSAT_8,"{""type"":""MultiPoint"",""coordinates"":[]}"
1_2_LC08_018031_20250817,296.49781706,2025-08-17,LANDSAT_8,"{""type"":""MultiPoint"",""coordinates"":[]}"
1_2_LC08_018031_20250902,294.93919994,2025-09-02,LANDSAT_8,"{""type"":""MultiPoint"",""coordinates"":[]}"
1_2_LC08_018031_20250918,289.19692634,2025-09-18,LANDSAT_8,"{""type"":""MultiPoint"",""coordinates"":[]}"
1_2_LC08_019030_20130706,213.083089772,2013-07-06,LANDSAT_8,"{""type"":""MultiPoint"",""coordinates"":[]}"
1_2_LC08_019030_20130722,185.0772011,2013-07-22,LANDSAT_8,"{""type"":""MultiPoint"",""coordinates"":[]}"
1_2_LC08_019030_20130807,295.82446711999995,2013-08-07,LANDSAT_8,"{""type"":""MultiPoint"",""coordinates"":[]}"
1_2_LC08_019030_20130823,297.08229847999996,2013-08-23,LANDSAT_8,"{""type"":""MultiPoint"",""coordinates"":[]}"
1_2_LC08_019030_20130908,295.5476075,2013-09-08,LANDSAT_8,"{""type"":""MultiPoint"",""coordinates"":[]}"
1_2_LC08_019030_20130924,280.29298423999995,2013-09-24,LANDSAT_8,"{""type"":""MultiPoint"",""coordinates"":[]}"
1_2_LC08_019030_20131010,280.69289258000003,2013-10-10,LANDSAT_8,"{""type"":""MultiPoint"",""coordinates"":[]}"
1_2_LC08_019030_20131026,250.102468085,2013-10-26,LANDSAT_8,"{""type"":""MultiPoint"",""coordinates"":[]}"
1_2_LC08_019030_20131127,261.34348136,2013-11-27,LANDSAT_8,"{""type"":""MultiPoint"",""coordinates"":[]}"
1_2_LC08_019030_20131213,257.75114234,2013-12-13,LANDSAT_8,"{""type"":""MultiPoint"",""coordinates"":[]}"
1_2_LC08_019030_20140114,272.30848951999997,2014-01-14,LANDSAT_8,"{""type"":""MultiPoint"",""coordinates"":[]}"
1_2_LC08_019030_20140130,257.97103496,2014-01-30,LANDSAT_8,"{""type"":""MultiPoint"",""coordinates"":[]}"
1_2_LC08_019030_20140215,265.09988534,2014-02-15,LANDSAT_8,"{""type"":""MultiPoint"",""coordinates"":[]}"
1_2_LC08_019030_20140303,268.63238963346936,2014-03-03,LANDSAT_8,"{""type"":""MultiPoint"",""coordinates"":[]}"
1_2_LC08_019030_20140420,273.38858384,2014-04-20,LANDSAT_8,"{""type"":""MultiPoint"",""coordinates"":[]}"
1_2_LC08_019030_20140506,276.09565568,2014-05-06,LANDSAT_8,"{""type"":""MultiPoint"",""coordinates"":[]}"
1_2_LC08_019030_20140607,289.31313902,2014-06-07,LANDSAT_8,"{""type"":""MultiPoint"",""coordinates"":[]}"
1_2_LC08_019030_20140623,270.85210481786885,2014-06-23,LANDSAT_8,"{""type"":""MultiPoint"",""coordinates"":[]}"
1_2_LC08_019030_20140709,277.22189327,2014-07-09,LANDSAT_8,"{""type"":""MultiPoint"",""coordinates"":[]}"
1_2_LC08_019030_20140725,278.3157740807113,2014-07-25,LANDSAT_8,"{""type"":""MultiPoint"",""coordinates"":[]}"
1_2_LC08_019030_20140810,291.53485202,2014-08-10,LANDSAT_8,"{""type"":""MultiPoint"",""coordinates"":[]}"
1_2_LC08_019030_20140826,296.17652318,2014-08-26,LANDSAT_8,"{""type"":""MultiPoint"",""coordinates"":[]}"
1_2_LC08_019030_20140927,292.20478393999997,2014-09-27,LANDSAT_8,"{""type"":""MultiPoint"",""coordinates"":[]}"
1_2_LC08_019030_20141029,271.59207824853553,2014-10-29,LANDSAT_8,"{""type"":""MultiPoint"",""coordinates"":[]}"
1_2_LC08_019030_20141114,257.8222393023234,2014-11-14,LANDSAT_8,"{""type"":""MultiPoint"",""coordinates"":[]}"
1_2_LC08_019030_20150101,263.15405538285717,2015-01-01,LANDSAT_8,"{""type"":""MultiPoint"",""coordinates"":[]}"
1_2_LC08_019030_20150202,263.3356965417937,2015-02-02,LANDSAT_8,"{""type"":""MultiPoint"",""coordinates"":[]}"
1_2_LC08_019030_20150218,234.17364037999997,2015-02-18,LANDSAT_8,"{""type"":""MultiPoint"",""coordinates"":[]}"
1_2_LC08_019030_20150322,269.54331134,2015-03-22,LANDSAT_8,"{""type"":""MultiPoint"",""coordinates"":[]}"
1_2_LC08_019030_20150509,246.16747256000002,2015-05-09,LANDSAT_8,"{""type"":""MultiPoint"",""coordinates"":[]}"
1_2_LC08_019030_20150610,150.00147986,2015-06-10,LANDSAT_8,"{""type"":""MultiPoint"",""coordinates"":[]}"
1_2_LC08_019030_20150626,263.55835831999997,2015-06-26,LANDSAT_8,"{""type"":""MultiPoint"",""coordinates"":[]}"
1_2_LC08_019030_20150712,239.36561276,2015-07-12,LANDSAT_8,"{""type"":""MultiPoint"",""coordinates"":[]}"
1_2_LC08_019030_20150728,298.66484174,2015-07-28,LANDSAT_8,"{""type"":""MultiPoint"",""coordinates"":[]}"
1_2_LC08_019030_20150813,288.2936488238461,2015-08-13,LANDSAT_8,"{""type"":""MultiPoint"",""coordinates"":[]}"
1_2_LC08_019030_20150829,283.01372816,2015-08-29,LANDSAT_8,"{""type"":""MultiPoint"",""coordinates"":[]}"
1_2_LC08_019030_20150914,294.89818370000006,2015-09-14,LANDSAT_8,"{""type"":""MultiPoint"",""coordinates"":[]}"
1_2_LC08_019030_20150930,266.35088066000003,2015-09-30,LANDSAT_8,"{""type"":""MultiPoint"",""coordinates"":[]}"
1_2_LC08_019030_20151016,289.74039152,2015-10-16,LANDSAT_8,"{""type"":""MultiPoint"",""coordinates"":[]}"
1_2_LC08_019030_20151101,286.81114837999996,2015-11-01,LANDSAT_8,"{""type"":""MultiPoint"",""coordinates"":[]}"
1_2_LC08_019030_20151117,263.25411744963276,2015-11-17,LANDSAT_8,"{""type"":""MultiPoint"",""coordinates"":[]}"
1_2_LC08_019030_20151203,279.1752917,2015-12-03,LANDSAT_8,"{""type"":""MultiPoint"",""coordinates"":[]}"
1_2_LC08_019030_20160104,260.4894668382063,2016-01-04,LANDSAT_8,"{""type"":""MultiPoint"",""coordinates"":[]}"
1_2_LC08_019030_20160205,269.15023904,2016-02-05,LANDSAT_8,"{""type"":""MultiPoint"",""coordinates"":[]}"
1_2_LC08_019030_20160221,267.70099856,2016-02-21,LANDSAT_8,"{""type"":""MultiPoint"",""coordinates"":[]}"
1_2_LC08_019030_20160308,268.72526522,2016-03-08,LANDSAT_8,"{""type"":""MultiPoint"",""coordinates"":[]}"
1_2_LC08_019030_20160409,274.65666926,2016-04-09,LANDSAT_8,"{""type"":""MultiPoint"",""coordinates"":[]}"
1_2_LC08_019030_20160425,270.44225059999997,2016-04-25,LANDSAT_8,"{""type"":""MultiPoint"",""coordinates"":[]}"
1_2_LC08_019030_20160511,277.69528904000003,2016-05-11,LANDSAT_8,"{""type"":""MultiPoint"",""coordinates"":[]}"
1_2_LC08_019030_20160527,283.6515328416981,2016-05-27,LANDSAT_8,"{""type"":""MultiPoint"",""coordinates"":[]}"
1_2_LC08_019030_20160612,289.12514792,2016-06-12,LANDSAT_8,"{""type"":""MultiPoint"",""coordinates"":[]}"
1_2_LC08_019030_20160628,270.52855560499995,2016-06-28,LANDSAT_8,"{""type"":""MultiPoint"",""coordinates"":[]}"
1_2_LC08_019030_20160714,295.5842291428571,2016-07-14,LANDSAT_8,"{""type"":""MultiPoint"",""coordinates"":[]}"
1_2_LC08_019030_20160730,283.9565013478753,2016-07-30,LANDSAT_8,"{""type"":""MultiPoint"",""coordinates"":[]}"
1_2_LC08_019030_20160815,150.00147986,2016-08-15,LANDSAT_8,"{""type"":""MultiPoint"",""coordinates"":[]}"
1_2_LC08_019030_20160831,262.42301990439023,2016-08-31,LANDSAT_8,"{""type"":""MultiPoint"",""coordinates"":[]}"
1_2_LC08_019030_20160916,296.56617746,2016-09-16,LANDSAT_8,"{""type"":""MultiPoint"",""coordinates"":[]}"
1_2_LC08_019030_20161002,279.36247692536585,2016-10-02,LANDSAT_8,"{""type"":""MultiPoint"",""coordinates"":[]}"
1_2_LC08_019030_20161103,281.52419855648236,2016-11-03,LANDSAT_8,"{""type"":""MultiPoint"",""coordinates"":[]}"
1_2_LC08_019030_20161205,268.20393414634526,2016-12-05,LANDSAT_8,"{""type"":""MultiPoint"",""coordinates"":[]}"
1_2_LC08_019030_20170106,260.28731317999996,2017-01-06,LANDSAT_8,"{""type"":""MultiPoint"",""coordinates"":[]}"
1_2_LC08_019030_20170223,273.1014701599999,2017-02-23,LANDSAT_8,"{""type"":""MultiPoint"",""coordinates"":[]}"
1_2_LC08_019030_20170311,255.33289319,2017-03-11,LANDSAT_8,"{""type"":""MultiPoint"",""coordinates"":[]}"
1_2_LC08_019030_20170428,263.17667942,2017-04-28,LANDSAT_8,"{""type"":""MultiPoint"",""coordinates"":[]}"
1_2_LC08_019030_20170514,259.54674217999997,2017-05-14,LANDSAT_8,"{""type"":""MultiPoint"",""coordinates"":[]}"
1_2_LC08_019030_20170530,286.70518976,2017-05-30,LANDSAT_8,"{""type"":""MultiPoint"",""coordinates"":[]}"
1_2_LC08_019030_20170701,287.0399538684252,2017-07-01,LANDSAT_8,"{""type"":""MultiPoint"",""coordinates"":[]}"
1_2_LC08_019030_20170717,295.87915544000003,2017-07-17,LANDSAT_8,"{""type"":""MultiPoint"",""coordinates"":[]}"
1_2_LC08_019030_20170802,298.76396432,2017-08-02,LANDSAT_8,"{""type"":""MultiPoint"",""coordinates"":[]}"
1_2_LC08_019030_20170818,295.36987046,2017-08-18,LANDSAT_8,"{""type"":""MultiPoint"",""coordinates"":[]}"
1_2_LC08_019030_20170903,283.9434296,2017-09-03,LANDSAT_8,"{""type"":""MultiPoint"",""coordinates"":[]}"
1_2_LC08_019030_20170919,267.3653511423234,2017-09-19,LANDSAT_8,"{""type"":""MultiPoint"",""coordinates"":[]}"
1_2_LC08_019030_20171005,292.17060374,2017-10-05,LANDSAT_8,"{""type"":""MultiPoint"",""coordinates"":[]}"
1_2_LC08_019030_20171021,240.25925583883955,2017-10-21,LANDSAT_8,"{""type"":""MultiPoint"",""coordinates"":[]}"
1_2_LC08_019030_20171122,259.08417014,2017-11-22,LANDSAT_8,"{""type"":""MultiPoint"",""coordinates"":[]}"
1_2_LC08_019030_20171208,264.396627725,2017-12-08,LANDSAT_8,"{""type"":""MultiPoint"",""coordinates"":[]}"
1_2_LC08_019030_20180226,272.95107728,2018-02-26,LANDSAT_8,"{""type"":""MultiPoint"",""coordinates"":[]}"
1_2_LC08_019030_20180314,258.30144356,2018-03-14,LANDSAT_8,"{""type"":""MultiPoint"",""coordinates"":[]}"
1_2_LC08_019030_20180330,251.80378754,2018-03-30,LANDSAT_8,"{""type"":""MultiPoint"",""coordinates"":[]}"
1_2_LC08_019030_20180501,277.90037024000003,2018-05-01,LANDSAT_8,"{""type"":""MultiPoint"",""coordinates"":[]}"
1_2_LC08_019030_20180517,284.49714884,2018-05-17,LANDSAT_8,"{""type"":""MultiPoint"",""coordinates"":[]}"
1_2_LC08_019030_20180602,286.0352578399999,2018-06-02,LANDSAT_8,"{""type"":""MultiPoint"",""coordinates"":[]}"
1_2_LC08_019030_20180618,291.97919462,2018-06-18,LANDSAT_8,"{""type"":""MultiPoint"",""coordinates"":[]}"
1_2_LC08_019030_20180704,303.07152402500003,2018-07-04,LANDSAT_8,"{""type"":""MultiPoint"",""coordinates"":[]}"
1_2_LC08_019030_20180720,232.70389178,2018-07-20,LANDSAT_8,"{""type"":""MultiPoint"",""coordinates"":[]}"
1_2_LC08_019030_20180805,296.0174134447619,2018-08-05,LANDSAT_8,"{""type"":""MultiPoint"",""coordinates"":[]}"
1_2_LC08_019030_20180922,257.03677616,2018-09-22,LANDSAT_8,"{""type"":""MultiPoint"",""coordinates"":[]}"
1_2_LC08_019030_20181008,290.62907672,2018-10-08,LANDSAT_8,"{""type"":""MultiPoint"",""coordinates"":[]}"
1_2_LC08_019030_20181024,264.7170671,2018-10-24,LANDSAT_8,"{""type"":""MultiPoint"",""coordinates"":[]}"
1_2_LC08_019030_20181227,220.91343179,2018-12-27,LANDSAT_8,"{""type"":""MultiPoint"",""coordinates"":[]}"
1_2_LC08_019030_20190301,254.395501205,2019-03-01,LANDSAT_8,"{""type"":""MultiPoint"",""coordinates"":[]}"
1_2_LC08_019030_20190317,266.62144333316263,2019-03-17,LANDSAT_8,"{""type"":""MultiPoint"",""coordinates"":[]}"
1_2_LC08_019030_20190402,262.23102722,2019-04-02,LANDSAT_8,"{""type"":""MultiPoint"",""coordinates"":[]}"
1_2_LC08_019030_20190504,241.15152820999998,2019-05-04,LANDSAT_8,"{""type"":""MultiPoint"",""coordinates"":[]}"
1_2_LC08_019030_20190621,288.66371522,2019-06-21,LANDSAT_8,"{""type"":""MultiPoint"",""coordinates"":[]}"
1_2_LC08_019030_20190707,235.93550973214224,2019-07-07,LANDSAT_8,"{""type"":""MultiPoint"",""coordinates"":[]}"
1_2_LC08_019030_20190723,296.54908736,2019-07-23,LANDSAT_8,"{""type"":""MultiPoint"",""coordinates"":[]}"
1_2_LC08_019030_20190808,281.36624252,2019-08-08,LANDSAT_8,"{""type"":""MultiPoint"",""coordinates"":[]}"
1_2_LC08_019030_20190824,297.06862639999997,2019-08-24,LANDSAT_8,"{""type"":""MultiPoint"",""coordinates"":[]}"
1_2_LC08_019030_20190909,273.85685258,2019-09-09,LANDSAT_8,"{""type"":""MultiPoint"",""coordinates"":[]}"
1_2_LC08_019030_20190925,292.98067448,2019-09-25,LANDSAT_8,"{""type"":""MultiPoint"",""coordinates"":[]}"
1_2_LC08_019030_20191011,267.1331167617937,2019-10-11,LANDSAT_8,"{""type"":""MultiPoint"",""coordinates"":[]}"
1_2_LC08_019030_20191112,255.86705342889275,2019-11-12,LANDSAT_8,"{""type"":""MultiPoint"",""coordinates"":[]}"
1_2_LC08_019030_20191230,271.91712623,2019-12-30,LANDSAT_8,"{""type"":""MultiPoint"",""coordinates"":[]}"
1_2_LC08_019030_20200115,271.94276138,2020-01-15,LANDSAT_8,"{""type"":""MultiPoint"",""coordinates"":[]}"
1_2_LC08_019030_20200216,266.36797076,2020-02-16,LANDSAT_8,"{""type"":""MultiPoint"",""coordinates"":[]}"
1_2_LC08_019030_20200404,277.1142256399999,2020-04-04,LANDSAT_8,"{""type"":""MultiPoint"",""coordinates"":[]}"
1_2_LC08_019030_20200420,278.07468926,2020-04-20,LANDSAT_8,"{""type"":""MultiPoint"",""coordinates"":[]}"
1_2_LC08_019030_20200506,278.44383542,2020-05-06,LANDSAT_8,"{""type"":""MultiPoint"",""coordinates"":[]}"
1_2_LC08_019030_20200522,258.6443849,2020-05-22,LANDSAT_8,"{""type"":""MultiPoint"",""coordinates"":[]}"
1_2_LC08_019030_20200607,279.90186618910315,2020-06-07,LANDSAT_8,"{""type"":""MultiPoint"",""coordinates"":[]}"
1_2_LC08_019030_20200623,150.00147986,2020-06-23,LANDSAT_8,"{""type"":""MultiPoint"",""coordinates"":[]}"
1_2_LC08_019030_20200709,300.13459034,2020-07-09,LANDSAT_8,"{""type"":""MultiPoint"",""coordinates"":[]}"
1_2_LC08_019030_20200725,296.48072695999997,2020-07-25,LANDSAT_8,"{""type"":""MultiPoint"",""coordinates"":[]}"
1_2_LC08_019030_20200810,291.02556704,2020-08-10,LANDSAT_8,"{""type"":""MultiPoint"",""coordinates"":[]}"
1_2_LC08_019030_20200826,150.00147986,2020-08-26,LANDSAT_8,"{""type"":""MultiPoint"",""coordinates"":[]}"
1_2_LC08_019030_20200911,280.25196800000003,2020-09-11,LANDSAT_8,"{""type"":""MultiPoint"",""coordinates"":[]}"
1_2_LC08_019030_20200927,292.99776457999997,2020-09-27,LANDSAT_8,"{""type"":""MultiPoint"",""coordinates"":[]}"
1_2_LC08_019030_20201013,290.73161732,2020-10-13,LANDSAT_8,"{""type"":""MultiPoint"",""coordinates"":[]}"
1_2_LC08_019030_20201114,284.6372876599999,2020-11-14,LANDSAT_8,"{""type"":""MultiPoint"",""coordinates"":[]}"
1_2_LC08_019030_20210202,269.997908,2021-02-02,LANDSAT_8,"{""type"":""MultiPoint"",""coordinates"":[]}"
1_2_LC08_019030_20210306,259.08075212,2021-03-06,LANDSAT_8,"{""type"":""MultiPoint"",""coordinates"":[]}"
1_2_LC08_019030_20210322,274.36613755999997,2021-03-22,LANDSAT_8,"{""type"":""MultiPoint"",""coordinates"":[]}"
1_2_LC08_019030_20210407,276.34175312,2021-04-07,LANDSAT_8,"{""type"":""MultiPoint"",""coordinates"":[]}"
1_2_LC08_019030_20210423,255.71778370782607,2021-04-23,LANDSAT_8,"{""type"":""MultiPoint"",""coordinates"":[]}"
1_2_LC08_019030_20210525,277.94898808990865,2021-05-25,LANDSAT_8,"{""type"":""MultiPoint"",""coordinates"":[]}"
1_2_LC08_019030_20210610,291.12468962,2021-06-10,LANDSAT_8,"{""type"":""MultiPoint"",""coordinates"":[]}"
1_2_LC08_019030_20210728,296.03296634000003,2021-07-28,LANDSAT_8,"{""type"":""MultiPoint"",""coordinates"":[]}"
1_2_LC08_019030_20210813,150.00147986,2021-08-13,LANDSAT_8,"{""type"":""MultiPoint"",""coordinates"":[]}"
1_2_LC08_019030_20210829,300.760088,2021-08-29,LANDSAT_8,"{""type"":""MultiPoint"",""coordinates"":[]}"
1_2_LC08_019030_20210914,239.89996520664337,2021-09-14,LANDSAT_8,"{""type"":""MultiPoint"",""coordinates"":[]}"
1_2_LC08_019030_20210930,293.12764934,2021-09-30,LANDSAT_8,"{""type"":""MultiPoint"",""coordinates"":[]}"
1_2_LC08_019030_20211016,273.2417679576744,2021-10-16,LANDSAT_8,"{""type"":""MultiPoint"",""coordinates"":[]}"
1_2_LC08_019030_20211101,286.8913438806522,2021-11-01,LANDSAT_8,"{""type"":""MultiPoint"",""coordinates"":[]}"
1_2_LC08_019030_20211219,260.4958124,2021-12-19,LANDSAT_8,"{""type"":""MultiPoint"",""coordinates"":[]}"
1_2_LC08_019030_20220104,277.08346346,2022-01-04,LANDSAT_8,"{""type"":""MultiPoint"",""coordinates"":[]}"
1_2_LC08_019030_20220120,251.43122336,2022-01-20,LANDSAT_8,"{""type"":""MultiPoint"",""coordinates"":[]}"
1_2_LC08_019030_20220205,267.317496716,2022-02-05,LANDSAT_8,"{""type"":""MultiPoint"",""coordinates"":[]}"
1_2_LC08_019030_20220221,271.54968908,2022-02-21,LANDSAT_8,"{""type"":""MultiPoint"",""coordinates"":[]}"
1_2_LC08_019030_20220309,250.42290746,2022-03-09,LANDSAT_8,"{""type"":""MultiPoint"",""coordinates"":[]}"
1_2_LC08_019030_20220410,266.5893813421342,2022-04-10,LANDSAT_8,"{""type"":""MultiPoint"",""coordinates"":[]}"
1_2_LC08_019030_20220512,282.21049345999995,2022-05-12,LANDSAT_8,"{""type"":""MultiPoint"",""coordinates"":[]}"
1_2_LC08_019030_20220528,285.70029188,2022-05-28,LANDSAT_8,"{""type"":""MultiPoint"",""coordinates"":[]}"
1_2_LC08_019030_20220613,289.92838262,2022-06-13,LANDSAT_8,"{""type"":""MultiPoint"",""coordinates"":[]}"
1_2_LC08_019030_20220629,289.042260935,2022-06-29,LANDSAT_8,"{""type"":""MultiPoint"",""coordinates"":[]}"
1_2_LC08_019030_20220715,296.1286708999999,2022-07-15,LANDSAT_8,"{""type"":""MultiPoint"",""coordinates"":[]}"
1_2_LC08_019030_20220731,272.04707712276985,2022-07-31,LANDSAT_8,"{""type"":""MultiPoint"",""coordinates"":[]}"
1_2_LC08_019030_20220816,259.794434696,2022-08-16,LANDSAT_8,"{""type"":""MultiPoint"",""coordinates"":[]}"
1_2_LC08_019030_20220901,296.73024241999985,2022-09-01,LANDSAT_8,"{""type"":""MultiPoint"",""coordinates"":[]}"
1_2_LC08_019030_20220917,295.93384375999995,2022-09-17,LANDSAT_8,"{""type"":""MultiPoint"",""coordinates"":[]}"
1_2_LC08_019030_20221003,290.44450364,2022-10-03,LANDSAT_8,"{""type"":""MultiPoint"",""coordinates"":[]}"
1_2_LC08_019030_20221104,285.4131782,2022-11-04,LANDSAT_8,"{""type"":""MultiPoint"",""coordinates"":[]}"
1_2_LC08_019030_20221120,251.87556596000002,2022-11-20,LANDSAT_8,"{""type"":""MultiPoint"",""coordinates"":[]}"
1_2_LC08_019030_20221206,270.9720437,2022-12-06,LANDSAT_8,"{""type"":""MultiPoint"",""coordinates"":[]}"
1_2_LC08_019030_20230208,271.76160632,2023-02-08,LANDSAT_8,"{""type"":""MultiPoint"",""coordinates"":[]}"
1_2_LC08_019030_20230224,264.073795736,2023-02-24,LANDSAT_8,"{""type"":""MultiPoint"",""coordinates"":[]}"
1_2_LC08_019030_20230328,272.67763568,2023-03-28,LANDSAT_8,"{""type"":""MultiPoint"",""coordinates"":[]}"
1_2_LC08_019030_20230413,277.32956089999993,2023-04-13,LANDSAT_8,"{""type"":""MultiPoint"",""coordinates"":[]}"
1_2_LC08_019030_20230515,285.04403204,2023-05-15,LANDSAT_8,"{""type"":""MultiPoint"",""coordinates"":[]}"
1_2_LC08_019030_20230531,289.55581844,2023-05-31,LANDSAT_8,"{""type"":""MultiPoint"",""coordinates"":[]}"
1_2_LC08_019030_20230718,296.21412139999995,2023-07-18,LANDSAT_8,"{""type"":""MultiPoint"",""coordinates"":[]}"
1_2_LC08_019030_20230803,296.83620104000005,2023-08-03,LANDSAT_8,"{""type"":""MultiPoint"",""coordinates"":[]}"
1_2_LC08_019030_20230819,294.56663576,2023-08-19,LANDSAT_8,"{""type"":""MultiPoint"",""coordinates"":[]}"
1_2_LC08_019030_20230904,295.37670649999995,2023-09-04,LANDSAT_8,"{""type"":""MultiPoint"",""coordinates"":[]}"
1_2_LC08_019030_20230920,292.69697881999997,2023-09-20,LANDSAT_8,"{""type"":""MultiPoint"",""coordinates"":[]}"
1_2_LC08_019030_20231006,279.16731632,2023-10-06,LANDSAT_8,"{""type"":""MultiPoint"",""coordinates"":[]}"
1_2_LC08_019030_20231022,269.29981956547084,2023-10-22,LANDSAT_8,"{""type"":""MultiPoint"",""coordinates"":[]}"
1_2_LC08_019030_20231123,268.79476496,2023-11-23,LANDSAT_8,"{""type"":""MultiPoint"",""coordinates"":[]}"
1_2_LC08_019030_20231225,264.06422528,2023-12-25,LANDSAT_8,"{""type"":""MultiPoint"",""coordinates"":[]}"
1_2_LC08_019030_20240227,188.22405221486912,2024-02-27,LANDSAT_8,"{""type"":""MultiPoint"",""coordinates"":[]}"
1_2_LC08_019030_20240330,223.40931827544844,2024-03-30,LANDSAT_8,"{""type"":""MultiPoint"",""coordinates"":[]}"
1_2_LC08_019030_20240415,279.29834041999993,2024-04-15,LANDSAT_8,"{""type"":""MultiPoint"",""coordinates"":[]}"
1_2_LC08_019030_20240501,269.2972139,2024-05-01,LANDSAT_8,"{""type"":""MultiPoint"",""coordinates"":[]}"
1_2_LC08_019030_20240517,150.00147986,2024-05-17,LANDSAT_8,"{""type"":""MultiPoint"",""coordinates"":[]}"
1_2_LC08_019030_20240618,279.48872601203294,2024-06-18,LANDSAT_8,"{""type"":""MultiPoint"",""coordinates"":[]}"
1_2_LC08_019030_20240704,150.00147986,2024-07-04,LANDSAT_8,"{""type"":""MultiPoint"",""coordinates"":[]}"
1_2_LC08_019030_20240720,296.87721727999997,2024-07-20,LANDSAT_8,"{""type"":""MultiPoint"",""coordinates"":[]}"
1_2_LC08_019030_20240805,300.020340712027,2024-08-05,LANDSAT_8,"{""type"":""MultiPoint"",""coordinates"":[]}"
1_2_LC08_019030_20240821,294.81615121999994,2024-08-21,LANDSAT_8,"{""type"":""MultiPoint"",""coordinates"":[]}"
1_2_LC08_019030_20241008,284.20576263500004,2024-10-08,LANDSAT_8,"{""type"":""MultiPoint"",""coordinates"":[]}"
1_2_LC08_019030_20241024,288.9639983631454,2024-10-24,LANDSAT_8,"{""type"":""MultiPoint"",""coordinates"":[]}"
1_2_LC08_019030_20241109,285.49862870000004,2024-11-09,LANDSAT_8,"{""type"":""MultiPoint"",""coordinates"":[]}"
1_2_LC08_019030_20250128,249.63676286,2025-01-28,LANDSAT_8,"{""type"":""MultiPoint"",""coordinates"":[]}"
1_2_LC08_019030_20250301,266.514937956278,2025-03-01,LANDSAT_8,"{""type"":""MultiPoint"",""coordinates"":[]}"
1_2_LC08_019030_20250317,273.52530464,2025-03-17,LANDSAT_8,"{""type"":""MultiPoint"",""coordinates"":[]}"
1_2_LC08_019030_20250504,166.6363590822254,2025-05-04,LANDSAT_8,"{""type"":""MultiPoint"",""coordinates"":[]}"
1_2_LC08_019030_20250520,269.38095539,2025-05-20,LANDSAT_8,"{""type"":""MultiPoint"",""coordinates"":[]}"
1_2_LC08_019030_20250621,150.00147986,2025-06-21,LANDSAT_8,"{""type"":""MultiPoint"",""coordinates"":[]}"
1_2_LC08_019030_20250707,217.09493378000002,2025-07-07,LANDSAT_8,"{""type"":""MultiPoint"",""coordinates"":[]}"
1_2_LC08_019030_20250723,297.06862639999997,2025-07-23,LANDSAT_8,"{""type"":""MultiPoint"",""coordinates"":[]}"
1_2_LC08_019030_20250808,296.48414498000005,2025-08-08,LANDSAT_8,"{""type"":""MultiPoint"",""coordinates"":[]}"
1_2_LC08_019030_20250824,296.8609588520728,2025-08-24,LANDSAT_8,"{""type"":""MultiPoint"",""coordinates"":[]}"
1_2_LC08_019030_20250909,291.018731,2025-09-09,LANDSAT_8,"{""type"":""MultiPoint"",""coordinates"":[]}"
1_2_LC08_019031_20130417,276.02045924,2013-04-17,LANDSAT_8,"{""type"":""MultiPoint"",""coordinates"":[]}"
1_2_LC08_019031_20130604,277.60129349,2013-06-04,LANDSAT_8,"{""type"":""MultiPoint"",""coordinates"":[]}"
1_2_LC08_019031_20130620,289.9420546999999,2013-06-20,LANDSAT_8,"{""type"":""MultiPoint"",""coordinates"":[]}"
1_2_LC08_019031_20130706,213.13743629,2013-07-06,LANDSAT_8,"{""type"":""MultiPoint"",""coordinates"":[]}"
1_2_LC08_019031_20130807,295.82788514000003,2013-08-07,LANDSAT_8,"{""type"":""MultiPoint"",""coordinates"":[]}"
1_2_LC08_019031_20130823,297.08229847999996,2013-08-23,LANDSAT_8,"{""type"":""MultiPoint"",""coordinates"":[]}"
1_2_LC08_019031_20130908,295.55102552,2013-09-08,LANDSAT_8,"{""type"":""MultiPoint"",""coordinates"":[]}"
1_2_LC08_019031_20130924,280.29298424,2013-09-24,LANDSAT_8,"{""type"":""MultiPoint"",""coordinates"":[]}"
1_2_LC08_019031_20131010,280.70998268,2013-10-10,LANDSAT_8,"{""type"":""MultiPoint"",""coordinates"":[]}"
1_2_LC08_019031_20131127,261.3362581961878,2013-11-27,LANDSAT_8,"{""type"":""MultiPoint"",""coordinates"":[]}"
1_2_LC08_019031_20131213,257.75114234,2013-12-13,LANDSAT_8,"{""type"":""MultiPoint"",""coordinates"":[]}"
1_2_LC08_019031_20140114,272.3084895199999,2014-01-14,LANDSAT_8,"{""type"":""MultiPoint"",""coordinates"":[]}"
1_2_LC08_019031_20140130,257.97502265,2014-01-30,LANDSAT_8,"{""type"":""MultiPoint"",""coordinates"":[]}"
1_2_LC08_019031_20140215,265.09988534,2014-02-15,LANDSAT_8,"{""type"":""MultiPoint"",""coordinates"":[]}"
1_2_LC08_019031_20140303,268.63303793245166,2014-03-03,LANDSAT_8,"{""type"":""MultiPoint"",""coordinates"":[]}"
1_2_LC08_019031_20140420,273.39541987999996,2014-04-20,LANDSAT_8,"{""type"":""MultiPoint"",""coordinates"":[]}"
1_2_LC08_019031_20140506,276.06831152,2014-05-06,LANDSAT_8,"{""type"":""MultiPoint"",""coordinates"":[]}"
1_2_LC08_019031_20140522,282.02250236,2014-05-22,LANDSAT_8,"{""type"":""MultiPoint"",""coordinates"":[]}"
1_2_LC08_019031_20140607,289.31313902,2014-06-07,LANDSAT_8,"{""type"":""MultiPoint"",""coordinates"":[]}"
1_2_LC08_019031_20140623,270.84215894,2014-06-23,LANDSAT_8,"{""type"":""MultiPoint"",""coordinates"":[]}"
1_2_LC08_019031_20140709,277.22018426,2014-07-09,LANDSAT_8,"{""type"":""MultiPoint"",""coordinates"":[]}"
1_2_LC08_019031_20140725,278.30711462,2014-07-25,LANDSAT_8,"{""type"":""MultiPoint"",""coordinates"":[]}"
1_2_LC08_019031_20140810,291.54168805999996,2014-08-10,LANDSAT_8,"{""type"":""MultiPoint"",""coordinates"":[]}"
1_2_LC08_019031_20140826,296.17652318,2014-08-26,LANDSAT_8,"{""type"":""MultiPoint"",""coordinates"":[]}"
1_2_LC08_019031_20140927,292.20136591999994,2014-09-27,LANDSAT_8,"{""type"":""MultiPoint"",""coordinates"":[]}"
1_2_LC08_019031_20141029,271.54005913777456,2014-10-29,LANDSAT_8,"{""type"":""MultiPoint"",""coordinates"":[]}"
1_2_LC08_019031_20141114,257.80355198,2014-11-14,LANDSAT_8,"{""type"":""MultiPoint"",""coordinates"":[]}"
1_2_LC08_019031_20150101,263.03141357000004,2015-01-01,LANDSAT_8,"{""type"":""MultiPoint"",""coordinates"":[]}"
1_2_LC08_019031_20150117,252.03474912910315,2015-01-17,LANDSAT_8,"{""type"":""MultiPoint"",""coordinates"":[]}"
1_2_LC08_019031_20150202,263.31567889999997,2015-02-02,LANDSAT_8,"{""type"":""MultiPoint"",""coordinates"":[]}"
1_2_LC08_019031_20150218,234.16680434000003,2015-02-18,LANDSAT_8,"{""type"":""MultiPoint"",""coordinates"":[]}"
1_2_LC08_019031_20150322,269.54331134,2015-03-22,LANDSAT_8,"{""type"":""MultiPoint"",""coordinates"":[]}"
1_2_LC08_019031_20150509,246.05809592,2015-05-09,LANDSAT_8,"{""type"":""MultiPoint"",""coordinates"":[]}"
1_2_LC08_019031_20150525,275.648749565,2015-05-25,LANDSAT_8,"{""type"":""MultiPoint"",""coordinates"":[]}"
1_2_LC08_019031_20150610,150.00147986,2015-06-10,LANDSAT_8,"{""type"":""MultiPoint"",""coordinates"":[]}"
1_2_LC08_019031_20150626,263.55152228,2015-06-26,LANDSAT_8,"{""type"":""MultiPoint"",""coordinates"":[]}"
1_2_LC08_019031_20150728,298.66484173999993,2015-07-28,LANDSAT_8,"{""type"":""MultiPoint"",""coordinates"":[]}"
1_2_LC08_019031_20150813,288.29975846262766,2015-08-13,LANDSAT_8,"{""type"":""MultiPoint"",""coordinates"":[]}"
1_2_LC08_019031_20150829,283.00689212,2015-08-29,LANDSAT_8,"{""type"":""MultiPoint"",""coordinates"":[]}"
1_2_LC08_019031_20150914,294.89818370000006,2015-09-14,LANDSAT_8,"{""type"":""MultiPoint"",""coordinates"":[]}"
1_2_LC08_019031_20150930,266.33379056,2015-09-30,LANDSAT_8,"{""type"":""MultiPoint"",""coordinates"":[]}"
1_2_LC08_019031_20151016,289.74380954000003,2015-10-16,LANDSAT_8,"{""type"":""MultiPoint"",""coordinates"":[]}"
1_2_LC08_019031_20151101,286.8111483799999,2015-11-01,LANDSAT_8,"{""type"":""MultiPoint"",""coordinates"":[]}"
1_2_LC08_019031_20151117,263.2473185,2015-11-17,LANDSAT_8,"{""type"":""MultiPoint"",""coordinates"":[]}"
1_2_LC08_019031_20151203,279.05053396999995,2015-12-03,LANDSAT_8,"{""type"":""MultiPoint"",""coordinates"":[]}"
1_2_LC08_019031_20151219,268.4427089,2015-12-19,LANDSAT_8,"{""type"":""MultiPoint"",""coordinates"":[]}"
1_2_LC08_019031_20160104,260.4914210873094,2016-01-04,LANDSAT_8,"{""type"":""MultiPoint"",""coordinates"":[]}"
1_2_LC08_019031_20160205,269.15365706,2016-02-05,LANDSAT_8,"{""type"":""MultiPoint"",""coordinates"":[]}"
1_2_LC08_019031_20160221,267.7139162541144,2016-02-21,LANDSAT_8,"{""type"":""MultiPoint"",""coordinates"":[]}"
1_2_LC08_019031_20160308,268.72412588,2016-03-08,LANDSAT_8,"{""type"":""MultiPoint"",""coordinates"":[]}"
1_2_LC08_019031_20160324,225.11588738,2016-03-24,LANDSAT_8,"{""type"":""MultiPoint"",""coordinates"":[]}"
1_2_LC08_019031_20160409,274.65666926,2016-04-09,LANDSAT_8,"{""type"":""MultiPoint"",""coordinates"":[]}"
1_2_LC08_019031_20160425,270.36021812,2016-04-25,LANDSAT_8,"{""type"":""MultiPoint"",""coordinates"":[]}"
1_2_LC08_019031_20160511,277.72131635413047,2016-05-11,LANDSAT_8,"{""type"":""MultiPoint"",""coordinates"":[]}"
1_2_LC08_019031_20160527,283.6593806706169,2016-05-27,LANDSAT_8,"{""type"":""MultiPoint"",""coordinates"":[]}"
1_2_LC08_019031_20160612,289.12514792,2016-06-12,LANDSAT_8,"{""type"":""MultiPoint"",""coordinates"":[]}"
1_2_LC08_019031_20160628,270.53624615,2016-06-28,LANDSAT_8,"{""type"":""MultiPoint"",""coordinates"":[]}"
1_2_LC08_019031_20160714,295.5836866,2016-07-14,LANDSAT_8,"{""type"":""MultiPoint"",""coordinates"":[]}"
1_2_LC08_019031_20160730,283.903267865,2016-07-30,LANDSAT_8,"{""type"":""MultiPoint"",""coordinates"":[]}"
1_2_LC08_019031_20160831,262.42528469,2016-08-31,LANDSAT_8,"{""type"":""MultiPoint"",""coordinates"":[]}"
1_2_LC08_019031_20160916,296.56959547999986,2016-09-16,LANDSAT_8,"{""type"":""MultiPoint"",""coordinates"":[]}"
1_2_LC08_019031_20161002,279.3632828,2016-10-02,LANDSAT_8,"{""type"":""MultiPoint"",""coordinates"":[]}"
1_2_LC08_019031_20161018,291.57928628,2016-10-18,LANDSAT_8,"{""type"":""MultiPoint"",""coordinates"":[]}"
1_2_LC08_019031_20161103,281.5257321776378,2016-11-03,LANDSAT_8,"{""type"":""MultiPoint"",""coordinates"":[]}"
1_2_LC08_019031_20161221,225.51579572,2016-12-21,LANDSAT_8,"{""type"":""MultiPoint"",""coordinates"":[]}"
1_2_LC08_019031_20170106,260.33003843,2017-01-06,LANDSAT_8,"{""type"":""MultiPoint"",""coordinates"":[]}"
1_2_LC08_019031_20170122,268.36922146999996,2017-01-22,LANDSAT_8,"{""type"":""MultiPoint"",""coordinates"":[]}"
1_2_LC08_019031_20170223,273.10147015999996,2017-02-23,LANDSAT_8,"{""type"":""MultiPoint"",""coordinates"":[]}"
1_2_LC08_019031_20170311,255.3346022,2017-03-11,LANDSAT_8,"{""type"":""MultiPoint"",""coordinates"":[]}"
1_2_LC08_019031_20170412,269.9295476,2017-04-12,LANDSAT_8,"{""type"":""MultiPoint"",""coordinates"":[]}"
1_2_LC08_019031_20170428,263.2017449,2017-04-28,LANDSAT_8,"{""type"":""MultiPoint"",""coordinates"":[]}"
1_2_LC08_019031_20170514,259.54902086,2017-05-14,LANDSAT_8,"{""type"":""MultiPoint"",""coordinates"":[]}"
1_2_LC08_019031_20170530,286.70860777999997,2017-05-30,LANDSAT_8,"{""type"":""MultiPoint"",""coordinates"":[]}"
1_2_LC08_019031_20170701,287.0393659924918,2017-07-01,LANDSAT_8,"{""type"":""MultiPoint"",""coordinates"":[]}"
1_2_LC08_019031_20170717,295.8791554399999,2017-07-17,LANDSAT_8,"{""type"":""MultiPoint"",""coordinates"":[]}"
1_2_LC08_019031_20170802,298.77080035999995,2017-08-02,LANDSAT_8,"{""type"":""MultiPoint"",""coordinates"":[]}"
1_2_LC08_019031_20170818,295.36987046,2017-08-18,LANDSAT_8,"{""type"":""MultiPoint"",""coordinates"":[]}"
1_2_LC08_019031_20170903,283.94001158000003,2017-09-03,LANDSAT_8,"{""type"":""MultiPoint"",""coordinates"":[]}"
1_2_LC08_019031_20170919,267.3516790623234,2017-09-19,LANDSAT_8,"{""type"":""MultiPoint"",""coordinates"":[]}"
1_2_LC08_019031_20171005,292.16718572,2017-10-05,LANDSAT_8,"{""type"":""MultiPoint"",""coordinates"":[]}"
1_2_LC08_019031_20171021,240.2744624695238,2017-10-21,LANDSAT_8,"{""type"":""MultiPoint"",""coordinates"":[]}"
1_2_LC08_019031_20171208,264.3410849,2017-12-08,LANDSAT_8,"{""type"":""MultiPoint"",""coordinates"":[]}"
1_2_LC08_019031_20180109,270.9720437,2018-01-09,LANDSAT_8,"{""type"":""MultiPoint"",""coordinates"":[]}"
1_2_LC08_019031_20180226,272.95107727999994,2018-02-26,LANDSAT_8,"{""type"":""MultiPoint"",""coordinates"":[]}"
1_2_LC08_019031_20180314,258.30687266682804,2018-03-14,LANDSAT_8,"{""type"":""MultiPoint"",""coordinates"":[]}"
1_2_LC08_019031_20180330,251.7885208607113,2018-03-30,LANDSAT_8,"{""type"":""MultiPoint"",""coordinates"":[]}"
1_2_LC08_019031_20180501,277.9003702400001,2018-05-01,LANDSAT_8,"{""type"":""MultiPoint"",""coordinates"":[]}"
1_2_LC08_019031_20180517,284.49714884,2018-05-17,LANDSAT_8,"{""type"":""MultiPoint"",""coordinates"":[]}"
1_2_LC08_019031_20180618,291.9757766,2018-06-18,LANDSAT_8,"{""type"":""MultiPoint"",""coordinates"":[]}"
1_2_LC08_019031_20180704,303.07066952,2018-07-04,LANDSAT_8,"{""type"":""MultiPoint"",""coordinates"":[]}"
1_2_LC08_019031_20180720,232.66800257,2018-07-20,LANDSAT_8,"{""type"":""MultiPoint"",""coordinates"":[]}"
1_2_LC08_019031_20180805,296.01758525,2018-08-05,LANDSAT_8,"{""type"":""MultiPoint"",""coordinates"":[]}"
1_2_LC08_019031_20180821,232.27039407705976,2018-08-21,LANDSAT_8,"{""type"":""MultiPoint"",""coordinates"":[]}"
1_2_LC08_019031_20181008,290.62907672,2018-10-08,LANDSAT_8,"{""type"":""MultiPoint"",""coordinates"":[]}"
1_2_LC08_019031_20181024,264.71364908,2018-10-24,LANDSAT_8,"{""type"":""MultiPoint"",""coordinates"":[]}"
1_2_LC08_019031_20181211,262.50219014000004,2018-12-11,LANDSAT_8,"{""type"":""MultiPoint"",""coordinates"":[]}"
1_2_LC08_019031_20181227,220.81523766254804,2018-12-27,LANDSAT_8,"{""type"":""MultiPoint"",""coordinates"":[]}"
1_2_LC08_019031_20190301,254.39464669999998,2019-03-01,LANDSAT_8,"{""type"":""MultiPoint"",""coordinates"":[]}"
1_2_LC08_019031_20190317,266.622163064872,2019-03-17,LANDSAT_8,"{""type"":""MultiPoint"",""coordinates"":[]}"
1_2_LC08_019031_20190402,262.23216656,2019-04-02,LANDSAT_8,"{""type"":""MultiPoint"",""coordinates"":[]}"
1_2_LC08_019031_20190418,214.90967966000002,2019-04-18,LANDSAT_8,"{""type"":""MultiPoint"",""coordinates"":[]}"
1_2_LC08_019031_20190504,241.15095853999995,2019-05-04,LANDSAT_8,"{""type"":""MultiPoint"",""coordinates"":[]}"
1_2_LC08_019031_20190520,259.3513104430866,2019-05-20,LANDSAT_8,"{""type"":""MultiPoint"",""coordinates"":[]}"
1_2_LC08_019031_20190621,288.66713324000006,2019-06-21,LANDSAT_8,"{""type"":""MultiPoint"",""coordinates"":[]}"
1_2_LC08_019031_20190707,235.93300513892856,2019-07-07,LANDSAT_8,"{""type"":""MultiPoint"",""coordinates"":[]}"
1_2_LC08_019031_20190723,296.54908736,2019-07-23,LANDSAT_8,"{""type"":""MultiPoint"",""coordinates"":[]}"
1_2_LC08_019031_20190808,281.36624252,2019-08-08,LANDSAT_8,"{""type"":""MultiPoint"",""coordinates"":[]}"
1_2_LC08_019031_20190824,297.06862639999997,2019-08-24,LANDSAT_8,"{""type"":""MultiPoint"",""coordinates"":[]}"
1_2_LC08_019031_20190909,273.8309721908969,2019-09-09,LANDSAT_8,"{""type"":""MultiPoint"",""coordinates"":[]}"
1_2_LC08_019031_20190925,292.98751051999994,2019-09-25,LANDSAT_8,"{""type"":""MultiPoint"",""coordinates"":[]}"
1_2_LC08_019031_20191011,267.10284506,2019-10-11,LANDSAT_8,"{""type"":""MultiPoint"",""coordinates"":[]}"
1_2_LC08_019031_20191112,255.8814854,2019-11-12,LANDSAT_8,"{""type"":""MultiPoint"",""coordinates"":[]}"
1_2_LC08_019031_20200115,271.93934336,2020-01-15,LANDSAT_8,"{""type"":""MultiPoint"",""coordinates"":[]}"
1_2_LC08_019031_20200131,233.43534805999997,2020-01-31,LANDSAT_8,"{""type"":""MultiPoint"",""coordinates"":[]}"
1_2_LC08_019031_20200216,266.36797076,2020-02-16,LANDSAT_8,"{""type"":""MultiPoint"",""coordinates"":[]}"
1_2_LC08_019031_20200404,277.11764365999994,2020-04-04,LANDSAT_8,"{""type"":""MultiPoint"",""coordinates"":[]}"
1_2_LC08_019031_20200420,278.07468926,2020-04-20,LANDSAT_8,"{""type"":""MultiPoint"",""coordinates"":[]}"
1_2_LC08_019031_20200506,278.44383542,2020-05-06,LANDSAT_8,"{""type"":""MultiPoint"",""coordinates"":[]}"
1_2_LC08_019031_20200607,279.91187501,2020-06-07,LANDSAT_8,"{""type"":""MultiPoint"",""coordinates"":[]}"
1_2_LC08_019031_20200623,150.00147986,2020-06-23,LANDSAT_8,"{""type"":""MultiPoint"",""coordinates"":[]}"
1_2_LC08_019031_20200709,300.13459034000005,2020-07-09,LANDSAT_8,"{""type"":""MultiPoint"",""coordinates"":[]}"
1_2_LC08_019031_20200725,296.48072695999997,2020-07-25,LANDSAT_8,"{""type"":""MultiPoint"",""coordinates"":[]}"
1_2_LC08_019031_20200810,291.02556704,2020-08-10,LANDSAT_8,"{""type"":""MultiPoint"",""coordinates"":[]}"
1_2_LC08_019031_20200826,150.00147986,2020-08-26,LANDSAT_8,"{""type"":""MultiPoint"",""coordinates"":[]}"
1_2_LC08_019031_20200911,280.25880404,2020-09-11,LANDSAT_8,"{""type"":""MultiPoint"",""coordinates"":[]}"
1_2_LC08_019031_20200927,292.99776457999997,2020-09-27,LANDSAT_8,"{""type"":""MultiPoint"",""coordinates"":[]}"
1_2_LC08_019031_20201013,290.73161732,2020-10-13,LANDSAT_8,"{""type"":""MultiPoint"",""coordinates"":[]}"
1_2_LC08_019031_20201114,284.6372876599999,2020-11-14,LANDSAT_8,"{""type"":""MultiPoint"",""coordinates"":[]}"
1_2_LC08_019031_20210202,270.00474404,2021-02-02,LANDSAT_8,"{""type"":""MultiPoint"",""coordinates"":[]}"
1_2_LC08_019031_20210306,259.08417013999997,2021-03-06,LANDSAT_8,"{""type"":""MultiPoint"",""coordinates"":[]}"
1_2_LC08_019031_20210322,274.36613755999997,2021-03-22,LANDSAT_8,"{""type"":""MultiPoint"",""coordinates"":[]}"
1_2_LC08_019031_20210407,276.34517113999993,2021-04-07,LANDSAT_8,"{""type"":""MultiPoint"",""coordinates"":[]}"
1_2_LC08_019031_20210423,255.96237854,2021-04-23,LANDSAT_8,"{""type"":""MultiPoint"",""coordinates"":[]}"
1_2_LC08_019031_20210525,277.9538647539903,2021-05-25,LANDSAT_8,"{""type"":""MultiPoint"",""coordinates"":[]}"
1_2_LC08_019031_20210610,291.12468962,2021-06-10,LANDSAT_8,"{""type"":""MultiPoint"",""coordinates"":[]}"
1_2_LC08_019031_20210626,251.29792291152796,2021-06-26,LANDSAT_8,"{""type"":""MultiPoint"",""coordinates"":[]}"
1_2_LC08_019031_20210728,296.03296634000003,2021-07-28,LANDSAT_8,"{""type"":""MultiPoint"",""coordinates"":[]}"
1_2_LC08_019031_20210813,150.00147986,2021-08-13,LANDSAT_8,"{""type"":""MultiPoint"",""coordinates"":[]}"
1_2_LC08_019031_20210829,300.75325195999994,2021-08-29,LANDSAT_8,"{""type"":""MultiPoint"",""coordinates"":[]}"
1_2_LC08_019031_20210914,239.8051690588383,2021-09-14,LANDSAT_8,"{""type"":""MultiPoint"",""coordinates"":[]}"
1_2_LC08_019031_20210930,293.12764934,2021-09-30,LANDSAT_8,"{""type"":""MultiPoint"",""coordinates"":[]}"
1_2_LC08_019031_20211016,273.2427872851163,2021-10-16,LANDSAT_8,"{""type"":""MultiPoint"",""coordinates"":[]}"
1_2_LC08_019031_20211101,286.89338020616424,2021-11-01,LANDSAT_8,"{""type"":""MultiPoint"",""coordinates"":[]}"
1_2_LC08_019031_20220104,277.08004544,2022-01-04,LANDSAT_8,"{""type"":""MultiPoint"",""coordinates"":[]}"
1_2_LC08_019031_20220120,251.43122336000002,2022-01-20,LANDSAT_8,"{""type"":""MultiPoint"",""coordinates"":[]}"
1_2_LC08_019031_20220205,267.27032804,2022-02-05,LANDSAT_8,"{""type"":""MultiPoint"",""coordinates"":[]}"
1_2_LC08_019031_20220221,271.5531071,2022-02-21,LANDSAT_8,"{""type"":""MultiPoint"",""coordinates"":[]}"
1_2_LC08_019031_20220309,250.41948944,2022-03-09,LANDSAT_8,"{""type"":""MultiPoint"",""coordinates"":[]}"
1_2_LC08_019031_20220410,266.57305196,2022-04-10,LANDSAT_8,"{""type"":""MultiPoint"",""coordinates"":[]}"
1_2_LC08_019031_20220512,282.2070754399999,2022-05-12,LANDSAT_8,"{""type"":""MultiPoint"",""coordinates"":[]}"
1_2_LC08_019031_20220528,285.70029188,2022-05-28,LANDSAT_8,"{""type"":""MultiPoint"",""coordinates"":[]}"
1_2_LC08_019031_20220613,289.93180064,2022-06-13,LANDSAT_8,"{""type"":""MultiPoint"",""coordinates"":[]}"
1_2_LC08_019031_20220629,289.07387761999996,2022-06-29,LANDSAT_8,"{""type"":""MultiPoint"",""coordinates"":[]}"
1_2_LC08_019031_20220715,296.1286709,2022-07-15,LANDSAT_8,"{""type"":""MultiPoint"",""coordinates"":[]}"
1_2_LC08_019031_20220731,272.0530313127098,2022-07-31,LANDSAT_8,"{""type"":""MultiPoint"",""coordinates"":[]}"
1_2_LC08_019031_20220816,259.80195434,2022-08-16,LANDSAT_8,"{""type"":""MultiPoint"",""coordinates"":[]}"
1_2_LC08_019031_20220901,296.73024241999997,2022-09-01,LANDSAT_8,"{""type"":""MultiPoint"",""coordinates"":[]}"
1_2_LC08_019031_20220917,295.9372617799999,2022-09-17,LANDSAT_8,"{""type"":""MultiPoint"",""coordinates"":[]}"
1_2_LC08_019031_20221003,290.44450364,2022-10-03,LANDSAT_8,"{""type"":""MultiPoint"",""coordinates"":[]}"
1_2_LC08_019031_20221104,285.41659622,2022-11-04,LANDSAT_8,"{""type"":""MultiPoint"",""coordinates"":[]}"
1_2_LC08_019031_20221120,251.87214794000002,2022-11-20,LANDSAT_8,"{""type"":""MultiPoint"",""coordinates"":[]}"
1_2_LC08_019031_20221206,270.97375271,2022-12-06,LANDSAT_8,"{""type"":""MultiPoint"",""coordinates"":[]}"
1_2_LC08_019031_20221222,247.268075,2022-12-22,LANDSAT_8,"{""type"":""MultiPoint"",""coordinates"":[]}"
1_2_LC08_019031_20230208,271.76160632,2023-02-08,LANDSAT_8,"{""type"":""MultiPoint"",""coordinates"":[]}"
1_2_LC08_019031_20230224,264.1075202,2023-02-24,LANDSAT_8,"{""type"":""MultiPoint"",""coordinates"":[]}"
1_2_LC08_019031_20230328,272.67421766,2023-03-28,LANDSAT_8,"{""type"":""MultiPoint"",""coordinates"":[]}"
1_2_LC08_019031_20230413,277.3295609,2023-04-13,LANDSAT_8,"{""type"":""MultiPoint"",""coordinates"":[]}"
1_2_LC08_019031_20230515,285.04403203999993,2023-05-15,LANDSAT_8,"{""type"":""MultiPoint"",""coordinates"":[]}"
1_2_LC08_019031_20230531,289.55240042,2023-05-31,LANDSAT_8,"{""type"":""MultiPoint"",""coordinates"":[]}"
1_2_LC08_019031_20230616,276.47505590000003,2023-06-16,LANDSAT_8,"{""type"":""MultiPoint"",""coordinates"":[]}"
1_2_LC08_019031_20230718,296.22437546000003,2023-07-18,LANDSAT_8,"{""type"":""MultiPoint"",""coordinates"":[]}"
1_2_LC08_019031_20230803,296.83620104000005,2023-08-03,LANDSAT_8,"{""type"":""MultiPoint"",""coordinates"":[]}"
1_2_LC08_019031_20230819,294.56663576,2023-08-19,LANDSAT_8,"{""type"":""MultiPoint"",""coordinates"":[]}"
1_2_LC08_019031_20230904,295.37670649999995,2023-09-04,LANDSAT_8,"{""type"":""MultiPoint"",""coordinates"":[]}"
1_2_LC08_019031_20230920,292.7106509,2023-09-20,LANDSAT_8,"{""type"":""MultiPoint"",""coordinates"":[]}"
1_2_LC08_019031_20231006,279.24707012,2023-10-06,LANDSAT_8,"{""type"":""MultiPoint"",""coordinates"":[]}"
1_2_LC08_019031_20231107,285.2593673,2023-11-07,LANDSAT_8,"{""type"":""MultiPoint"",""coordinates"":[]}"
1_2_LC08_019031_20231123,268.79476496,2023-11-23,LANDSAT_8,"{""type"":""MultiPoint"",""coordinates"":[]}"
1_2_LC08_019031_20231225,264.08131538,2023-12-25,LANDSAT_8,"{""type"":""MultiPoint"",""coordinates"":[]}"
1_2_LC08_019031_20240227,188.18076326,2024-02-27,LANDSAT_8,"{""type"":""MultiPoint"",""coordinates"":[]}"
1_2_LC08_019031_20240314,250.319512355,2024-03-14,LANDSAT_8,"{""type"":""MultiPoint"",""coordinates"":[]}"
1_2_LC08_019031_20240330,223.419182252,2024-03-30,LANDSAT_8,"{""type"":""MultiPoint"",""coordinates"":[]}"
1_2_LC08_019031_20240415,279.2949224,2024-04-15,LANDSAT_8,"{""type"":""MultiPoint"",""coordinates"":[]}"
1_2_LC08_019031_20240501,269.27328776,2024-05-01,LANDSAT_8,"{""type"":""MultiPoint"",""coordinates"":[]}"
1_2_LC08_019031_20240618,279.50342162,2024-06-18,LANDSAT_8,"{""type"":""MultiPoint"",""coordinates"":[]}"
1_2_LC08_019031_20240720,296.87721727999997,2024-07-20,LANDSAT_8,"{""type"":""MultiPoint"",""coordinates"":[]}"
1_2_LC08_019031_20240805,300.01952752160946,2024-08-05,LANDSAT_8,"{""type"":""MultiPoint"",""coordinates"":[]}"
1_2_LC08_019031_20240821,294.81615122,2024-08-21,LANDSAT_8,"{""type"":""MultiPoint"",""coordinates"":[]}"
1_2_LC08_019031_20240906,150.00147986,2024-09-06,LANDSAT_8,"{""type"":""MultiPoint"",""coordinates"":[]}"
1_2_LC08_019031_20240922,223.99477682,2024-09-22,LANDSAT_8,"{""type"":""MultiPoint"",""coordinates"":[]}"
1_2_LC08_019031_20241008,284.20576263500004,2024-10-08,LANDSAT_8,"{""type"":""MultiPoint"",""coordinates"":[]}"
1_2_LC08_019031_20241024,288.9636181384303,2024-10-24,LANDSAT_8,"{""type"":""MultiPoint"",""coordinates"":[]}"
1_2_LC08_019031_20241109,285.4986287,2024-11-09,LANDSAT_8,"{""type"":""MultiPoint"",""coordinates"":[]}"
1_2_LC08_019031_20241227,234.21807464,2024-12-27,LANDSAT_8,"{""type"":""MultiPoint"",""coordinates"":[]}"
1_2_LC08_019031_20250128,249.63334483999998,2025-01-28,LANDSAT_8,"{""type"":""MultiPoint"",""coordinates"":[]}"
1_2_LC08_019031_20250301,266.51339174707175,2025-03-01,LANDSAT_8,"{""type"":""MultiPoint"",""coordinates"":[]}"
1_2_LC08_019031_20250317,273.52530464,2025-03-17,LANDSAT_8,"{""type"":""MultiPoint"",""coordinates"":[]}"
1_2_LC08_019031_20250418,150.00147986,2025-04-18,LANDSAT_8,"{""type"":""MultiPoint"",""coordinates"":[]}"
1_2_LC08_019031_20250520,269.37651196400003,2025-05-20,LANDSAT_8,"{""type"":""MultiPoint"",""coordinates"":[]}"
1_2_LC08_019031_20250605,195.76306403392098,2025-06-05,LANDSAT_8,"{""type"":""MultiPoint"",""coordinates"":[]}"
1_2_LC08_019031_20250621,150.00147986,2025-06-21,LANDSAT_8,"{""type"":""MultiPoint"",""coordinates"":[]}"
1_2_LC08_019031_20250707,217.0299914,2025-07-07,LANDSAT_8,"{""type"":""MultiPoint"",""coordinates"":[]}"
1_2_LC08_019031_20250723,297.06862639999997,2025-07-23,LANDSAT_8,"{""type"":""MultiPoint"",""coordinates"":[]}"
1_2_LC08_019031_20250808,296.4875630000001,2025-08-08,LANDSAT_8,"{""type"":""MultiPoint"",""coordinates"":[]}"
1_2_LC08_019031_20250824,296.8604848373847,2025-08-24,LANDSAT_8,"{""type"":""MultiPoint"",""coordinates"":[]}"
1_2_LC08_019031_20250909,291.01360396999996,2025-09-09,LANDSAT_8,"{""type"":""MultiPoint"",""coordinates"":[]}"
1_2_LC08_019031_20250925,222.818294336,2025-09-25,LANDSAT_8,"{""type"":""MultiPoint"",""coordinates"":[]}"
2_LC09_018031_20211204,267.56769578,2021-12-04,LANDSAT_9,"{""type"":""MultiPoint"",""coordinates"":[]}"
2_LC09_018031_20211220,277.9137041671317,2021-12-20,LANDSAT_9,"{""type"":""MultiPoint"",""coordinates"":[]}"
2_LC09_018031_20220121,258.724534358174,2022-01-21,LANDSAT_9,"{""type"":""MultiPoint"",""coordinates"":[]}"
2_LC09_018031_20220206,270.25610563710256,2022-02-06,LANDSAT_9,"{""type"":""MultiPoint"",""coordinates"":[]}"
2_LC09_018031_20220310,256.75991654,2022-03-10,LANDSAT_9,"{""type"":""MultiPoint"",""coordinates"":[]}"
2_LC09_018031_20220411,209.02225823555247,2022-04-11,LANDSAT_9,"{""type"":""MultiPoint"",""coordinates"":[]}"
2_LC09_018031_20220513,283.54352126000003,2022-05-13,LANDSAT_9,"{""type"":""MultiPoint"",""coordinates"":[]}"
2_LC09_018031_20220529,280.70230094432986,2022-05-29,LANDSAT_9,"{""type"":""MultiPoint"",""coordinates"":[]}"
2_LC09_018031_20220614,291.98603066000004,2022-06-14,LANDSAT_9,"{""type"":""MultiPoint"",""coordinates"":[]}"
2_LC09_018031_20220630,292.91231407999993,2022-06-30,LANDSAT_9,"{""type"":""MultiPoint"",""coordinates"":[]}"
2_LC09_018031_20220716,291.1212716,2022-07-16,LANDSAT_9,"{""type"":""MultiPoint"",""coordinates"":[]}"
2_LC09_018031_20220801,297.61892762,2022-08-01,LANDSAT_9,"{""type"":""MultiPoint"",""coordinates"":[]}"
2_LC09_018031_20220817,297.70437812,2022-08-17,LANDSAT_9,"{""type"":""MultiPoint"",""coordinates"":[]}"
2_LC09_018031_20220902,292.4474633600001,2022-09-02,LANDSAT_9,"{""type"":""MultiPoint"",""coordinates"":[]}"
2_LC09_018031_20220918,280.11866521999997,2022-09-18,LANDSAT_9,"{""type"":""MultiPoint"",""coordinates"":[]}"
2_LC09_018031_20221004,290.56413434000007,2022-10-04,LANDSAT_9,"{""type"":""MultiPoint"",""coordinates"":[]}"
2_LC09_018031_20221020,237.355817,2022-10-20,LANDSAT_9,"{""type"":""MultiPoint"",""coordinates"":[]}"
2_LC09_018031_20221105,262.08177367999997,2022-11-05,LANDSAT_9,"{""type"":""MultiPoint"",""coordinates"":[]}"
2_LC09_018031_20221121,270.95837162,2022-11-21,LANDSAT_9,"{""type"":""MultiPoint"",""coordinates"":[]}"
2_LC09_018031_20230108,264.13258568,2023-01-08,LANDSAT_9,"{""type"":""MultiPoint"",""coordinates"":[]}"
2_LC09_018031_20230225,251.21930612,2023-02-25,LANDSAT_9,"{""type"":""MultiPoint"",""coordinates"":[]}"
2_LC09_018031_20230329,228.63644797999999,2023-03-29,LANDSAT_9,"{""type"":""MultiPoint"",""coordinates"":[]}"
2_LC09_018031_20230414,276.51026096941916,2023-04-14,LANDSAT_9,"{""type"":""MultiPoint"",""coordinates"":[]}"
2_LC09_018031_20230516,263.55835832,2023-05-16,LANDSAT_9,"{""type"":""MultiPoint"",""coordinates"":[]}"
2_LC09_018031_20230601,291.531434,2023-06-01,LANDSAT_9,"{""type"":""MultiPoint"",""coordinates"":[]}"
2_LC09_018031_20230617,288.89614058000006,2023-06-17,LANDSAT_9,"{""type"":""MultiPoint"",""coordinates"":[]}"
2_LC09_018031_20230719,296.4568008199999,2023-07-19,LANDSAT_9,"{""type"":""MultiPoint"",""coordinates"":[]}"
2_LC09_018031_20230804,296.47389092000003,2023-08-04,LANDSAT_9,"{""type"":""MultiPoint"",""coordinates"":[]}"
2_LC09_018031_20230820,295.33227224,2023-08-20,LANDSAT_9,"{""type"":""MultiPoint"",""coordinates"":[]}"
2_LC09_018031_20230905,296.3371701199999,2023-09-05,LANDSAT_9,"{""type"":""MultiPoint"",""coordinates"":[]}"
2_LC09_018031_20230921,282.07035464,2023-09-21,LANDSAT_9,"{""type"":""MultiPoint"",""coordinates"":[]}"
2_LC09_018031_20231023,274.58830886,2023-10-23,LANDSAT_9,"{""type"":""MultiPoint"",""coordinates"":[]}"
2_LC09_018031_20231108,229.61400170000002,2023-11-08,LANDSAT_9,"{""type"":""MultiPoint"",""coordinates"":[]}"
2_LC09_018031_20240212,265.61429735,2024-02-12,LANDSAT_9,"{""type"":""MultiPoint"",""coordinates"":[]}"
2_LC09_018031_20240228,273.37832978000006,2024-02-28,LANDSAT_9,"{""type"":""MultiPoint"",""coordinates"":[]}"
2_LC09_018031_20240416,271.20788708,2024-04-16,LANDSAT_9,"{""type"":""MultiPoint"",""coordinates"":[]}"
2_LC09_018031_20240502,287.01622957999996,2024-05-02,LANDSAT_9,"{""type"":""MultiPoint"",""coordinates"":[]}"
2_LC09_018031_20240518,284.62019756,2024-05-18,LANDSAT_9,"{""type"":""MultiPoint"",""coordinates"":[]}"
2_LC09_018031_20240603,285.98398753999993,2024-06-03,LANDSAT_9,"{""type"":""MultiPoint"",""coordinates"":[]}"
2_LC09_018031_20240619,150.00147986,2024-06-19,LANDSAT_9,"{""type"":""MultiPoint"",""coordinates"":[]}"
2_LC09_018031_20240705,246.3452096,2024-07-05,LANDSAT_9,"{""type"":""MultiPoint"",""coordinates"":[]}"
2_LC09_018031_20240721,289.33706516,2024-07-21,LANDSAT_9,"{""type"":""MultiPoint"",""coordinates"":[]}"
2_LC09_018031_20240822,295.00756034000005,2024-08-22,LANDSAT_9,"{""type"":""MultiPoint"",""coordinates"":[]}"
2_LC09_018031_20240907,292.4950622298676,2024-09-07,LANDSAT_9,"{""type"":""MultiPoint"",""coordinates"":[]}"
2_LC09_018031_20241009,291.9928667,2024-10-09,LANDSAT_9,"{""type"":""MultiPoint"",""coordinates"":[]}"
2_LC09_018031_20241025,228.6227759,2024-10-25,LANDSAT_9,"{""type"":""MultiPoint"",""coordinates"":[]}"
2_LC09_018031_20241212,274.9711271,2024-12-12,LANDSAT_9,"{""type"":""MultiPoint"",""coordinates"":[]}"
2_LC09_018031_20241228,272.6981438,2024-12-28,LANDSAT_9,"{""type"":""MultiPoint"",""coordinates"":[]}"
2_LC09_018031_20250113,263.9473933581455,2025-01-13,LANDSAT_9,"{""type"":""MultiPoint"",""coordinates"":[]}"
2_LC09_018031_20250214,266.0520083908891,2025-02-14,LANDSAT_9,"{""type"":""MultiPoint"",""coordinates"":[]}"
2_LC09_018031_20250318,270.39553766,2025-03-18,LANDSAT_9,"{""type"":""MultiPoint"",""coordinates"":[]}"
2_LC09_018031_20250403,236.08944059,2025-04-03,LANDSAT_9,"{""type"":""MultiPoint"",""coordinates"":[]}"
2_LC09_018031_20250419,164.93993627,2025-04-19,LANDSAT_9,"{""type"":""MultiPoint"",""coordinates"":[]}"
2_LC09_018031_20250505,279.15136556,2025-05-05,LANDSAT_9,"{""type"":""MultiPoint"",""coordinates"":[]}"
2_LC09_018031_20250622,289.6173428,2025-06-22,LANDSAT_9,"{""type"":""MultiPoint"",""coordinates"":[]}"
2_LC09_018031_20250708,284.89705718,2025-07-08,LANDSAT_9,"{""type"":""MultiPoint"",""coordinates"":[]}"
2_LC09_018031_20250724,281.13381716000004,2025-07-24,LANDSAT_9,"{""type"":""MultiPoint"",""coordinates"":[]}"
2_LC09_018031_20250809,297.0515363,2025-08-09,LANDSAT_9,"{""type"":""MultiPoint"",""coordinates"":[]}"
2_LC09_018031_20250825,296.6489625109497,2025-08-25,LANDSAT_9,"{""type"":""MultiPoint"",""coordinates"":[]}"
2_LC09_018031_20250910,273.71475951089684,2025-09-10,LANDSAT_9,"{""type"":""MultiPoint"",""coordinates"":[]}"
2_LC09_018031_20250926,293.9035398799999,2025-09-26,LANDSAT_9,"{""type"":""MultiPoint"",""coordinates"":[]}"
2_LC09_018031_20251012,292.38935702000003,2025-10-12,LANDSAT_9,"{""type"":""MultiPoint"",""coordinates"":[]}"
2_LC09_019030_20211211,261.49729226,2021-12-11,LANDSAT_9,"{""type"":""MultiPoint"",""coordinates"":[]}"
2_LC09_019030_20220128,250.78179956000002,2022-01-28,LANDSAT_9,"{""type"":""MultiPoint"",""coordinates"":[]}"
2_LC09_019030_20220213,265.269647,2022-02-13,LANDSAT_9,"{""type"":""MultiPoint"",""coordinates"":[]}"
2_LC09_019030_20220402,258.58513922,2022-04-02,LANDSAT_9,"{""type"":""MultiPoint"",""coordinates"":[]}"
2_LC09_019030_20220504,273.91837694000003,2022-05-04,LANDSAT_9,"{""type"":""MultiPoint"",""coordinates"":[]}"
2_LC09_019030_20220520,237.54209909,2022-05-20,LANDSAT_9,"{""type"":""MultiPoint"",""coordinates"":[]}"
2_LC09_019030_20220605,247.3364354,2022-06-05,LANDSAT_9,"{""type"":""MultiPoint"",""coordinates"":[]}"
2_LC09_019030_20220621,289.47378596,2022-06-21,LANDSAT_9,"{""type"":""MultiPoint"",""coordinates"":[]}"
2_LC09_019030_20220707,295.02806846000004,2022-07-07,LANDSAT_9,"{""type"":""MultiPoint"",""coordinates"":[]}"
2_LC09_019030_20220723,150.00147986,2022-07-23,LANDSAT_9,"{""type"":""MultiPoint"",""coordinates"":[]}"
2_LC09_019030_20220824,297.78982862,2022-08-24,LANDSAT_9,"{""type"":""MultiPoint"",""coordinates"":[]}"
2_LC09_019030_20220909,296.6755541,2022-09-09,LANDSAT_9,"{""type"":""MultiPoint"",""coordinates"":[]}"
2_LC09_019030_20221011,289.31997506,2022-10-11,LANDSAT_9,"{""type"":""MultiPoint"",""coordinates"":[]}"
2_LC09_019030_20221027,277.85251796,2022-10-27,LANDSAT_9,"{""type"":""MultiPoint"",""coordinates"":[]}"
2_LC09_019030_20230115,274.48918628,2023-01-15,LANDSAT_9,"{""type"":""MultiPoint"",""coordinates"":[]}"
2_LC09_019030_20230131,262.7355516766619,2023-01-31,LANDSAT_9,"{""type"":""MultiPoint"",""coordinates"":[]}"
2_LC09_019030_20230304,271.87098296,2023-03-04,LANDSAT_9,"{""type"":""MultiPoint"",""coordinates"":[]}"
2_LC09_019030_20230320,274.24308884,2023-03-20,LANDSAT_9,"{""type"":""MultiPoint"",""coordinates"":[]}"
2_LC09_019030_20230421,263.14990493,2023-04-21,LANDSAT_9,"{""type"":""MultiPoint"",""coordinates"":[]}"
2_LC09_019030_20230523,285.49521068,2023-05-23,LANDSAT_9,"{""type"":""MultiPoint"",""coordinates"":[]}"
2_LC09_019030_20230608,264.94683515786585,2023-06-08,LANDSAT_9,"{""type"":""MultiPoint"",""coordinates"":[]}"
2_LC09_019030_20230624,289.09096772,2023-06-24,LANDSAT_9,"{""type"":""MultiPoint"",""coordinates"":[]}"
2_LC09_019030_20230710,295.22973163999995,2023-07-10,LANDSAT_9,"{""type"":""MultiPoint"",""coordinates"":[]}"
2_LC09_019030_20230726,294.95629004,2023-07-26,LANDSAT_9,"{""type"":""MultiPoint"",""coordinates"":[]}"
2_LC09_019030_20230811,295.93726178000003,2023-08-11,LANDSAT_9,"{""type"":""MultiPoint"",""coordinates"":[]}"
2_LC09_019030_20230827,294.01632380838305,2023-08-27,LANDSAT_9,"{""type"":""MultiPoint"",""coordinates"":[]}"
2_LC09_019030_20230928,236.93169949923563,2023-09-28,LANDSAT_9,"{""type"":""MultiPoint"",""coordinates"":[]}"
2_LC09_019030_20231115,283.28489107999997,2023-11-15,LANDSAT_9,"{""type"":""MultiPoint"",""coordinates"":[]}"
2_LC09_019030_20240102,265.6570226,2024-01-02,LANDSAT_9,"{""type"":""MultiPoint"",""coordinates"":[]}"
2_LC09_019030_20240219,273.97648328,2024-02-19,LANDSAT_9,"{""type"":""MultiPoint"",""coordinates"":[]}"
2_LC09_019030_20240407,277.1586599,2024-04-07,LANDSAT_9,"{""type"":""MultiPoint"",""coordinates"":[]}"
2_LC09_019030_20240509,236.46031151124419,2024-05-09,LANDSAT_9,"{""type"":""MultiPoint"",""coordinates"":[]}"
2_LC09_019030_20240525,249.69896867767662,2024-05-25,LANDSAT_9,"{""type"":""MultiPoint"",""coordinates"":[]}"
2_LC09_019030_20240712,287.98694725999997,2024-07-12,LANDSAT_9,"{""type"":""MultiPoint"",""coordinates"":[]}"
2_LC09_019030_20240728,297.53689514,2024-07-28,LANDSAT_9,"{""type"":""MultiPoint"",""coordinates"":[]}"
2_LC09_019030_20240813,296.5046531,2024-08-13,LANDSAT_9,"{""type"":""MultiPoint"",""coordinates"":[]}"
2_LC09_019030_20240914,294.11203910000006,2024-09-14,LANDSAT_9,"{""type"":""MultiPoint"",""coordinates"":[]}"
2_LC09_019030_20240930,282.92144162,2024-09-30,LANDSAT_9,"{""type"":""MultiPoint"",""coordinates"":[]}"
2_LC09_019030_20241016,269.44077074,2024-10-16,LANDSAT_9,"{""type"":""MultiPoint"",""coordinates"":[]}"
2_LC09_019030_20241203,265.33546002738575,2024-12-03,LANDSAT_9,"{""type"":""MultiPoint"",""coordinates"":[]}"
2_LC09_019030_20241219,251.85363775814875,2024-12-19,LANDSAT_9,"{""type"":""MultiPoint"",""coordinates"":[]}"
2_LC09_019030_20250120,250.15858058,2025-01-20,LANDSAT_9,"{""type"":""MultiPoint"",""coordinates"":[]}"
2_LC09_019030_20250205,255.2158400132787,2025-02-05,LANDSAT_9,"{""type"":""MultiPoint"",""coordinates"":[]}"
2_LC09_019030_20250309,272.98183946,2025-03-09,LANDSAT_9,"{""type"":""MultiPoint"",""coordinates"":[]}"
2_LC09_019030_20250512,263.18579414,2025-05-12,LANDSAT_9,"{""type"":""MultiPoint"",""coordinates"":[]}"
2_LC09_019030_20250613,233.41256126,2025-06-13,LANDSAT_9,"{""type"":""MultiPoint"",""coordinates"":[]}"
2_LC09_019030_20250629,294.76829894,2025-06-29,LANDSAT_9,"{""type"":""MultiPoint"",""coordinates"":[]}"
2_LC09_019030_20250715,299.2903394,2025-07-15,LANDSAT_9,"{""type"":""MultiPoint"",""coordinates"":[]}"
2_LC09_019030_20250731,189.4693568,2025-07-31,LANDSAT_9,"{""type"":""MultiPoint"",""coordinates"":[]}"
2_LC09_019030_20250816,296.5046531,2025-08-16,LANDSAT_9,"{""type"":""MultiPoint"",""coordinates"":[]}"
2_LC09_019030_20250901,294.32053831999997,2025-09-01,LANDSAT_9,"{""type"":""MultiPoint"",""coordinates"":[]}"
2_LC09_019030_20250917,295.03832251999995,2025-09-17,LANDSAT_9,"{""type"":""MultiPoint"",""coordinates"":[]}"
2_LC09_019030_20251003,293.46261530000004,2025-10-03,LANDSAT_9,"{""type"":""MultiPoint"",""coordinates"":[]}"
2_LC09_019031_20211211,261.53944784,2021-12-11,LANDSAT_9,"{""type"":""MultiPoint"",""coordinates"":[]}"
2_LC09_019031_20220112,270.08335850000003,2022-01-12,LANDSAT_9,"{""type"":""MultiPoint"",""coordinates"":[]}"
2_LC09_019031_20220402,258.64666358,2022-04-02,LANDSAT_9,"{""type"":""MultiPoint"",""coordinates"":[]}"
2_LC09_019031_20220504,273.91837694000003,2022-05-04,LANDSAT_9,"{""type"":""MultiPoint"",""coordinates"":[]}"
2_LC09_019031_20220520,237.52329998,2022-05-20,LANDSAT_9,"{""type"":""MultiPoint"",""coordinates"":[]}"
2_LC09_019031_20220605,247.3820734214863,2022-06-05,LANDSAT_9,"{""type"":""MultiPoint"",""coordinates"":[]}"
2_LC09_019031_20220621,289.47720397999996,2022-06-21,LANDSAT_9,"{""type"":""MultiPoint"",""coordinates"":[]}"
2_LC09_019031_20220707,295.02806846000004,2022-07-07,LANDSAT_9,"{""type"":""MultiPoint"",""coordinates"":[]}"
2_LC09_019031_20220723,150.00147986,2022-07-23,LANDSAT_9,"{""type"":""MultiPoint"",""coordinates"":[]}"
2_LC09_019031_20220808,204.530007425,2022-08-08,LANDSAT_9,"{""type"":""MultiPoint"",""coordinates"":[]}"
2_LC09_019031_20220824,297.78641059999995,2022-08-24,LANDSAT_9,"{""type"":""MultiPoint"",""coordinates"":[]}"
2_LC09_019031_20220909,296.67213608,2022-09-09,LANDSAT_9,"{""type"":""MultiPoint"",""coordinates"":[]}"
2_LC09_019031_20220925,268.7710174785419,2022-09-25,LANDSAT_9,"{""type"":""MultiPoint"",""coordinates"":[]}"
2_LC09_019031_20221011,289.31997506,2022-10-11,LANDSAT_9,"{""type"":""MultiPoint"",""coordinates"":[]}"
2_LC09_019031_20221027,277.8911939829706,2022-10-27,LANDSAT_9,"{""type"":""MultiPoint"",""coordinates"":[]}"
2_LC09_019031_20230115,274.4926043,2023-01-15,LANDSAT_9,"{""type"":""MultiPoint"",""coordinates"":[]}"
2_LC09_019031_20230131,262.82348402,2023-01-31,LANDSAT_9,"{""type"":""MultiPoint"",""coordinates"":[]}"
2_LC09_019031_20230304,271.8807503736547,2023-03-04,LANDSAT_9,"{""type"":""MultiPoint"",""coordinates"":[]}"
2_LC09_019031_20230320,274.23967081999996,2023-03-20,LANDSAT_9,"{""type"":""MultiPoint"",""coordinates"":[]}"
2_LC09_019031_20230421,263.10034364,2023-04-21,LANDSAT_9,"{""type"":""MultiPoint"",""coordinates"":[]}"
2_LC09_019031_20230507,201.84866182436548,2023-05-07,LANDSAT_9,"{""type"":""MultiPoint"",""coordinates"":[]}"
2_LC09_019031_20230523,285.49179266,2023-05-23,LANDSAT_9,"{""type"":""MultiPoint"",""coordinates"":[]}"
2_LC09_019031_20230608,264.92898434,2023-06-08,LANDSAT_9,"{""type"":""MultiPoint"",""coordinates"":[]}"
2_LC09_019031_20230710,295.22973163999995,2023-07-10,LANDSAT_9,"{""type"":""MultiPoint"",""coordinates"":[]}"
2_LC09_019031_20230726,294.95629004000006,2023-07-26,LANDSAT_9,"{""type"":""MultiPoint"",""coordinates"":[]}"
2_LC09_019031_20230811,295.93726178000003,2023-08-11,LANDSAT_9,"{""type"":""MultiPoint"",""coordinates"":[]}"
2_LC09_019031_20230827,294.07648525302983,2023-08-27,LANDSAT_9,"{""type"":""MultiPoint"",""coordinates"":[]}"
2_LC09_019031_20231115,283.28546074999997,2023-11-15,LANDSAT_9,"{""type"":""MultiPoint"",""coordinates"":[]}"
2_LC09_019031_20240102,265.6570226,2024-01-02,LANDSAT_9,"{""type"":""MultiPoint"",""coordinates"":[]}"
2_LC09_019031_20240203,270.41594305262294,2024-02-03,LANDSAT_9,"{""type"":""MultiPoint"",""coordinates"":[]}"
2_LC09_019031_20240219,273.97648328,2024-02-19,LANDSAT_9,"{""type"":""MultiPoint"",""coordinates"":[]}"
2_LC09_019031_20240322,263.7400751256877,2024-03-22,LANDSAT_9,"{""type"":""MultiPoint"",""coordinates"":[]}"
2_LC09_019031_20240407,277.16207792,2024-04-07,LANDSAT_9,"{""type"":""MultiPoint"",""coordinates"":[]}"
2_LC09_019031_20240423,234.67153196,2024-04-23,LANDSAT_9,"{""type"":""MultiPoint"",""coordinates"":[]}"
2_LC09_019031_20240525,249.69866236853662,2024-05-25,LANDSAT_9,"{""type"":""MultiPoint"",""coordinates"":[]}"
2_LC09_019031_20240712,287.8741526,2024-07-12,LANDSAT_9,"{""type"":""MultiPoint"",""coordinates"":[]}"
2_LC09_019031_20240728,297.53689513999996,2024-07-28,LANDSAT_9,"{""type"":""MultiPoint"",""coordinates"":[]}"
2_LC09_019031_20240813,296.5046531,2024-08-13,LANDSAT_9,"{""type"":""MultiPoint"",""coordinates"":[]}"
2_LC09_019031_20240829,293.8818312157851,2024-08-29,LANDSAT_9,"{""type"":""MultiPoint"",""coordinates"":[]}"
2_LC09_019031_20240914,294.1120391,2024-09-14,LANDSAT_9,"{""type"":""MultiPoint"",""coordinates"":[]}"
2_LC09_019031_20241016,269.44077074,2024-10-16,LANDSAT_9,"{""type"":""MultiPoint"",""coordinates"":[]}"
2_LC09_019031_20241117,262.9613938992633,2024-11-17,LANDSAT_9,"{""type"":""MultiPoint"",""coordinates"":[]}"
2_LC09_019031_20241203,265.78690736,2024-12-03,LANDSAT_9,"{""type"":""MultiPoint"",""coordinates"":[]}"
2_LC09_019031_20250120,250.23833438,2025-01-20,LANDSAT_9,"{""type"":""MultiPoint"",""coordinates"":[]}"
2_LC09_019031_20250205,255.23131409133794,2025-02-05,LANDSAT_9,"{""type"":""MultiPoint"",""coordinates"":[]}"
2_LC09_019031_20250309,272.98183946,2025-03-09,LANDSAT_9,"{""type"":""MultiPoint"",""coordinates"":[]}"
2_LC09_019031_20250325,265.50492070999996,2025-03-25,LANDSAT_9,"{""type"":""MultiPoint"",""coordinates"":[]}"
2_LC09_019031_20250512,263.18579414,2025-05-12,LANDSAT_9,"{""type"":""MultiPoint"",""coordinates"":[]}"
2_LC09_019031_20250613,233.41483994,2025-06-13,LANDSAT_9,"{""type"":""MultiPoint"",""coordinates"":[]}"
2_LC09_019031_20250629,294.76829894,2025-06-29,LANDSAT_9,"{""type"":""MultiPoint"",""coordinates"":[]}"
2_LC09_019031_20250715,299.2903394,2025-07-15,LANDSAT_9,"{""type"":""MultiPoint"",""coordinates"":[]}"
2_LC09_019031_20250816,296.50123508,2025-08-16,LANDSAT_9,"{""type"":""MultiPoint"",""coordinates"":[]}"
2_LC09_019031_20250901,294.3205383199999,2025-09-01,LANDSAT_9,"{""type"":""MultiPoint"",""coordinates"":[]}"
2_LC09_019031_20250917,295.0349045,2025-09-17,LANDSAT_9,"{""type"":""MultiPoint"",""coordinates"":[]}"
2_LC09_019031_20251003,293.46261530000004,2025-10-03,LANDSAT_9,"{""type"":""MultiPoint"",""coordinates"":[]}"
